tournament_id,year,match_id,match_date,home_team_code,home_team_name,away_team_code,away_team_name,home_team_score,away_team_score,wc_win_rate_diff,wc_gf_pg_diff,wc_ga_pg_diff,wc_appearances_diff,previous_finish_diff,h2h_win_pct,h2h_matches,host_advantage,home_confederation,away_confederation,defending_champion_diff,avg_squad_age_diff,squad_wc_experience_diff,elo_diff,avg_caps_diff,qualification_perf_diff,qualification_gd_diff,match_result,split
WC-1990,1990,M-1990-01,1990-06-08,ARG,Argentina,CMR,Cameroon,0,1,0.5365853658536586,1.5447154471544715,1.0081300813008132,8,6,0.5,0,0,CONMEBOL,CAF,1,0.43133594673635756,2.227272727272727,162,-6.521645021645021,-0.29166666666666663,-0.75,Away Win,Training
WC-1990,1990,M-1990-02,1990-06-09,SUN,Soviet Union,ROU,Romania,0,2,0.25,0.25,-1.0535714285714286,2,2,0.5,0,0,UEFA,UEFA,0,2.1161097629270103,2.0454545454545454,49,5.4999999999999964,-0.09722222222222221,0.04166666666666663,Away Win,Training
WC-1990,1990,M-1990-03,1990-06-09,ARE,United Arab Emirates,COL,Colombia,0,2,0,-1.6666666666666667,-3.6666666666666665,-1,0,0.5,0,0,AFC,CONMEBOL,0,-0.9907286416526659,0,-339,-8.954545454545455,-0.0185185185185186,0.5,Away Win,Training
WC-1990,1990,M-1990-04,1990-06-09,ITA,Italy,AUT,Austria,1,0,0.05365402405180386,0.028677150786309058,-0.6327474560592043,6,2,1,2,1,UEFA,UEFA,0,1.7543401157364222,0.8181818181818182,198,7.500000000000002,0,0,Home Win,Training
WC-1990,1990,M-1990-05,1990-06-10,USA,United States,CSK,Czechoslovakia,1,5,0.10857142857142854,0.3542857142857141,1.4,-4,0,0.5,0,0,CONCACAF,UEFA,0,-3.6265322630825736,0,-269,0.8636363636363633,-0.08333333333333337,-0.875,Away Win,Training
WC-1990,1990,M-1990-06,1990-06-10,BRA,Brazil,SWE,Sweden,2,1,0.2684331797235023,0.6082949308755763,-0.6267281105990783,6,3,0.75,4,0,CONMEBOL,UEFA,0,1.1591064650612886,1,39,2.6363636363636367,0.05555555555555558,1.75,Home Win,Training
WC-1990,1990,M-1990-07,1990-06-10,DEU,West Germany,YUG,Yugoslavia,4,1,0.16451990632318497,0.4525761124121781,0.10772833723653386,4,5,0.75,4,0,UEFA,UEFA,0,1.4021529463007916,1.5454545454545454,100,5.454545454545453,-0.16666666666666674,0.41666666666666674,Home Win,Training
WC-1990,1990,M-1990-08,1990-06-11,CRI,Costa Rica,SCO,Scotland,1,0,-0.17647058823529413,-1.2352941176470589,-1.8823529411764706,-6,-1,0.5,0,0,CONCACAF,UEFA,0,-0.8502271171675666,-0.6363636363636364,-129,-14.961722488038278,0.08333333333333326,0.5,Home Win,Training
WC-1990,1990,M-1990-09,1990-06-11,ENG,England,IRL,Republic of Ireland,1,1,0.4411764705882353,1.3823529411764706,0.9411764705882353,8,3,0.5,0,0,UEFA,UEFA,0,-0.821355236139631,2.3636363636363638,53,4.045454545454547,-0.04166666666666674,0.6666666666666667,Draw,Training
WC-1990,1990,M-1990-10,1990-06-12,BEL,Belgium,KOR,South Korea,2,0,0.23809523809523808,0.48571428571428577,-2.457142857142857,5,3,0.5,0,0,UEFA,AFC,0,-0.11449194200734425,1.9545454545454544,96,17.023809523809526,-0.21212121212121215,-1.3863636363636362,Home Win,Training
WC-1990,1990,M-1990-11,1990-06-12,NLD,Netherlands,EGY,Egypt,1,1,0.5,0,-2.8125,3,0,0.5,0,0,UEFA,CAF,0,-0.04753904548565657,0,391,-12.42857142857143,0.1527777777777778,0.375,Draw,Training
WC-1990,1990,M-1990-12,1990-06-13,URY,Uruguay,ESP,Spain,0,0,0.031385281385281405,0.46645021645021645,0.20995670995671012,1,-1,0,1,0,CONMEBOL,UEFA,0,0.9090909090909101,-0.2272727272727273,-38,7.318181818181817,-0.04166666666666663,-0.875,Draw,Training
WC-1990,1990,M-1990-13,1990-06-13,ARG,Argentina,SUN,Soviet Union,2,0,0.03658536585365857,0.12804878048780477,0.270034843205575,3,4,0.5,0,0,CONMEBOL,UEFA,1,-0.6086740090846874,0.5909090909090908,-150,-13.954545454545453,-0.125,-0.875,Home Win,Training
WC-1990,1990,M-1990-14,1990-06-14,CMR,Cameroon,ROU,Romania,2,1,-0.25,-1.1666666666666667,-1.7916666666666667,-3,0,0.5,0,0,CAF,UEFA,0,1.0760998071059653,0.4090909090909091,-263,-1.9329004329004356,0.06944444444444442,-0.08333333333333337,Home Win,Training
WC-1990,1990,M-1990-15,1990-06-14,YUG,Yugoslavia,COL,Colombia,1,0,0.39285714285714285,0.011904761904761862,-2.3809523809523805,6,0,1,1,0,UEFA,CONMEBOL,0,-0.07417086677867246,0.2727272727272727,96,6.818181818181818,0.2222222222222222,0.75,Home Win,Training
WC-1990,1990,M-1990-16,1990-06-14,ITA,Italy,USA,United States,1,0,0.10334346504559272,-0.03343465045592686,-1.8936170212765957,8,2,1,1,1,UEFA,CONCACAF,0,2.8951527596291484,0.8181818181818182,379,2.0454545454545467,-0.125,-0.375,Home Win,Training
WC-1990,1990,M-1990-17,1990-06-15,AUT,Austria,CSK,Czechoslovakia,0,1,0.1582608695652174,0.2921739130434782,0.13913043478260856,-2,0,1,1,0,UEFA,UEFA,0,-2.4857196191898474,0,-88,-4.590909090909092,-0.20833333333333337,-1.25,Away Win,Training
WC-1990,1990,M-1990-18,1990-06-15,DEU,West Germany,ARE,United Arab Emirates,5,1,0.5573770491803278,2.1311475409836067,1.3934426229508197,11,5,0.5,0,0,UEFA,AFC,0,2.318710721174785,1.8181818181818181,535,21.227272727272727,0.07407407407407407,0.6666666666666667,Home Win,Training
WC-1990,1990,M-1990-19,1990-06-16,BRA,Brazil,CRI,Costa Rica,1,0,0.6612903225806451,2.3225806451612905,1.0161290322580645,13,3,0.5,0,0,CONMEBOL,CONCACAF,0,0.006720179204776855,1,380,18.05263157894737,0.16666666666666674,2.25,Home Win,Training
WC-1990,1990,M-1990-20,1990-06-16,SWE,Sweden,SCO,Scotland,1,2,0.21638655462184872,0.4789915966386553,-0.23949579831932777,1,-1,0.5,0,0,UEFA,UEFA,0,-2.0026134030240783,-0.6363636363636364,212,0.45454545454545325,0.19444444444444442,1,Away Win,Training
WC-1990,1990,M-1990-21,1990-06-16,ENG,England,NLD,Netherlands,0,0,-0.05882352941176472,-0.6176470588235294,-0.24632352941176472,4,3,0.5,0,0,UEFA,UEFA,0,0.8486092962479006,2.3636363636363638,-88,11.045454545454547,-0.11111111111111116,0.6666666666666667,Draw,Training
WC-1990,1990,M-1990-22,1990-06-17,IRL,Republic of Ireland,EGY,Egypt,0,0,0,-2,-4,-1,0,0.5,0,0,UEFA,CAF,0,1.622425486901875,0,250,-5.428571428571431,0.08333333333333337,0.375,Draw,Training
WC-1990,1990,M-1990-23,1990-06-17,BEL,Belgium,URY,Uruguay,3,1,-0.18614718614718617,-0.502164502164502,0.7186147186147185,-1,2,0.5,0,0,UEFA,CONMEBOL,0,0.13315910646505813,1.9999999999999998,-45,1.5454545454545467,-0.08333333333333337,0,Home Win,Training
WC-1990,1990,M-1990-24,1990-06-17,KOR,South Korea,ESP,Spain,1,3,-0.39285714285714285,-0.5214285714285714,3.3857142857142852,-5,-2,0.5,0,0,AFC,UEFA,0,1.1567419575633124,-0.18181818181818188,-179,-8.16017316017316,0.08712121212121215,0.5113636363636362,Away Win,Training
WC-1990,1990,M-1990-25,1990-06-18,ARG,Argentina,ROU,Romania,1,1,0.28658536585365857,0.37804878048780477,-0.7835365853658536,5,6,0.5,0,0,CONMEBOL,UEFA,1,1.5074357538423229,2.6363636363636362,-101,-8.454545454545457,-0.2222222222222222,-0.8333333333333334,Draw,Training
WC-1990,1990,M-1990-26,1990-06-18,CMR,Cameroon,SUN,Soviet Union,0,4,-0.5,-1.4166666666666667,-0.7380952380952381,-5,-2,0.5,0,0,CAF,UEFA,0,-1.040009955821045,-1.6363636363636362,-312,-7.432900432900432,0.16666666666666663,-0.125,Away Win,Training
WC-1990,1990,M-1990-27,1990-06-19,DEU,West Germany,COL,Colombia,1,1,0.5573770491803278,0.46448087431693996,-2.273224043715847,10,5,0.5,0,0,UEFA,CONMEBOL,0,1.327982079522119,1.8181818181818181,196,12.272727272727272,0.05555555555555547,1.1666666666666667,Draw,Training
WC-1990,1990,M-1990-28,1990-06-19,YUG,Yugoslavia,ARE,United Arab Emirates,4,1,0.39285714285714285,1.6785714285714286,1.2857142857142858,7,0,0.5,0,0,UEFA,AFC,0,0.9165577748739935,0.2727272727272727,435,15.772727272727273,0.2407407407407408,0.25,Home Win,Training
WC-1990,1990,M-1990-29,1990-06-19,AUT,Austria,USA,United States,2,1,0.04968944099378886,-0.06211180124223592,-1.2608695652173914,2,0,0.5,0,0,UEFA,CONCACAF,0,1.1408126438927262,0,181,-5.454545454545455,-0.125,-0.375,Home Win,Training
WC-1990,1990,M-1990-30,1990-06-19,ITA,Italy,CSK,Czechoslovakia,2,0,0.21191489361702126,0.32085106382978723,-0.4936170212765958,4,2,1,1,1,UEFA,UEFA,0,-0.7313795034534252,0.8181818181818182,110,2.90909090909091,-0.20833333333333337,-1.25,Home Win,Training
WC-1990,1990,M-1990-31,1990-06-20,BRA,Brazil,SCO,Scotland,1,0,0.48481973434535097,1.0872865275142316,-0.8662239089184061,7,2,0.5,2,0,CONMEBOL,UEFA,0,-0.8435069379627897,0.36363636363636365,251,3.09090909090909,0.25,2.75,Home Win,Training
WC-1990,1990,M-1990-32,1990-06-20,SWE,Sweden,CRI,Costa Rica,1,2,0.39285714285714285,1.7142857142857142,1.6428571428571428,7,0,0.5,0,0,UEFA,CONCACAF,0,-1.1523862858565117,0,341,15.416267942583731,0.11111111111111116,0.5,Away Win,Training
WC-1990,1990,M-1990-33,1990-06-21,BEL,Belgium,ESP,Spain,1,2,-0.15476190476190477,-0.03571428571428559,0.9285714285714286,0,1,0,1,0,UEFA,UEFA,0,1.0422500155559682,1.7727272727272725,-83,8.863636363636363,-0.125,-0.875,Away Win,Training
WC-1990,1990,M-1990-34,1990-06-21,KOR,South Korea,URY,Uruguay,0,1,-0.42424242424242425,-0.9878787878787878,3.1757575757575753,-6,-1,0.5,0,0,AFC,CONMEBOL,0,0.24765104847240238,0.045454545454545414,-141,-15.478354978354977,0.12878787878787878,1.3863636363636362,Away Win,Training
WC-1990,1990,M-1990-35,1990-06-21,ENG,England,EGY,Egypt,1,0,0.4411764705882353,-0.6176470588235294,-3.0588235294117645,7,3,0.5,0,0,UEFA,CAF,0,0.801070250762244,2.3636363636363638,303,-1.3831168831168839,0.04166666666666663,1.0416666666666667,Home Win,Training
WC-1990,1990,M-1990-36,1990-06-21,IRL,Republic of Ireland,NLD,Netherlands,1,1,-0.5,-2,-1.1875,-4,0,0.5,0,0,UEFA,UEFA,0,1.6699645323875316,0,-141,7,-0.06944444444444442,0,Draw,Training
WC-1990,1990,M-1990-37,1990-06-23,CMR,Cameroon,COL,Colombia,2,1,0,-1.3333333333333335,-3.333333333333333,0,0,0.5,0,0,CAF,CONMEBOL,0,0.8016924895774977,0.4090909090909091,-167,14.158008658008656,0.18055555555555547,0.25,Home Win,Training
WC-1990,1990,M-1990-38,1990-06-23,CSK,Czechoslovakia,CRI,Costa Rica,4,1,0.32,1.36,1.6,7,0,0.5,0,0,UEFA,CONCACAF,0,0.988613029680792,0,243,13.825358851674642,0.04166666666666674,0.75,Home Win,Training
WC-1990,1990,M-1990-39,1990-06-24,BRA,Brazil,ARG,Argentina,0,1,0.12470495672698656,0.4445318646734857,-0.3253343823760819,4,-3,0.6666666666666666,3,0,CONMEBOL,CONMEBOL,-1,-0.8899259535809847,-1.6363636363636362,198,5.045454545454547,0.33333333333333337,2.75,Away Win,Training
WC-1990,1990,M-1990-40,1990-06-24,DEU,West Germany,NLD,Netherlands,2,1,0.05737704918032782,0.1311475409836067,0.20594262295081966,7,5,0.5,2,0,UEFA,UEFA,0,0.4792483355111692,1.8181818181818181,-38,2.59090909090909,-0.11111111111111116,0.6666666666666667,Home Win,Training
WC-1990,1990,M-1990-41,1990-06-25,IRL,Republic of Ireland,ROU,Romania,0,0,-0.25,-1.5,-2.125,-4,0,0.5,0,0,UEFA,UEFA,0,2.793105593926949,0,-3,0.5909090909090899,-0.01388888888888884,0.16666666666666663,Draw,Training
WC-1990,1990,M-1990-42,1990-06-25,ITA,Italy,URY,Uruguay,2,0,0.10767246937459701,-0.10702772404900052,-0.31785944551902,3,0,0,1,1,UEFA,CONMEBOL,0,-0.24404206334391176,0.09090909090909094,75,-1.2727272727272698,-0.25,-1.25,Home Win,Training
WC-1990,1990,M-1990-43,1990-06-26,ESP,Spain,YUG,Yugoslavia,1,2,0,-0.3571428571428572,-0.07142857142857162,0,3,1,1,0,UEFA,UEFA,0,0.0027378507871347324,0.6818181818181819,33,-1.5,-0.04166666666666674,0.875,Away Win,Training
WC-1990,1990,M-1990-44,1990-06-26,ENG,England,BEL,Belgium,1,0,0.2030812324929972,0.09663865546218475,-1.2016806722689075,1,-1,0,1,0,UEFA,UEFA,0,0.7265260406944201,-0.3636363636363633,100,6.545454545454547,0,0.41666666666666674,Home Win,Training
WC-1990,1990,M-1990-45,1990-06-30,ARG,Argentina,YUG,Yugoslavia,0,0,0.14372822299651572,0.19947735191637617,0.05574912891986061,2,6,0.5,0,0,CONMEBOL,UEFA,1,1.3071993030925277,2.3636363636363633,-101,0.8181818181818166,-0.33333333333333337,-1.25,Draw,Training
WC-1990,1990,M-1990-46,1990-06-30,IRL,Republic of Ireland,ITA,Italy,0,1,-0.5319148936170213,-1.6808510638297873,-1.1063829787234043,-11,-2,0.5,0,-1,UEFA,UEFA,0,1.925082446643021,-0.8181818181818182,-73,5.318181818181817,0.20833333333333337,1,Away Win,Training
WC-1990,1990,M-1990-47,1990-07-01,CSK,Czechoslovakia,DEU,West Germany,0,1,-0.23737704918032781,-0.7711475409836066,0.20655737704918042,-4,-5,0.5,2,0,UEFA,UEFA,0,-0.0029867463132333683,-1.8181818181818181,-140,-3.8181818181818166,0.04166666666666674,-0.41666666666666674,Away Win,Training
WC-1990,1990,M-1990-48,1990-07-01,CMR,Cameroon,ENG,England,2,3,-0.4411764705882353,-1.0490196078431373,-0.607843137254902,-7,-3,0.5,0,0,CAF,UEFA,0,-0.8956505506813528,-1.9545454545454546,-313,-6.569264069264072,0.125,-0.9166666666666667,Away Win,Training
WC-1990,1990,M-1990-49,1990-07-03,ARG,Argentina,ITA,Italy,1,1,0.004670472236637302,0.19719771665801744,0.23508043591074212,-2,4,0,4,-1,CONMEBOL,UEFA,1,0.6394126065583947,1.818181818181818,-171,-3.72727272727273,0,0,Draw,Training
WC-1990,1990,M-1990-50,1990-07-04,DEU,West Germany,ENG,England,1,1,0.11620057859209254,0.7487945998071361,0.4522661523625844,3,2,0.3333333333333333,3,0,UEFA,UEFA,0,-0.3693609607367314,-0.5454545454545456,50,-8.454545454545457,0,0,Draw,Training
WC-1990,1990,M-1990-51,1990-07-07,ITA,Italy,ENG,England,2,1,0.09073842302878599,0.29849812265331677,0.16520650813516902,3,-1,0.5,0,1,UEFA,UEFA,0,-1.10372721050339,-1.5454545454545454,20,-9.363636363636363,-0.16666666666666663,-1.6666666666666667,Home Win,Training
WC-1990,1990,M-1990-52,1990-07-08,DEU,West Germany,ARG,Argentina,1,0,0.020791683326669252,0.25309876049580193,0.05197920831667324,2,-1,0.3333333333333333,3,0,UEFA,CONMEBOL,-1,0.09495364320826383,-0.8181818181818181,201,4.636363636363637,0.16666666666666663,1.6666666666666667,Home Win,Training
WC-1994,1994,M-1994-01,1994-06-17,DEU,Germany,BOL,Bolivia,1,0,0.5735294117647058,2.1323529411764706,-4.009803921568627,10,6,0.5,0,0,UEFA,CONMEBOL,0,1.4198245286540967,4,309,16.841991341991346,-0.16666666666666663,-1.375,Home Win,Training
WC-1994,1994,M-1994-02,1994-06-17,ESP,Spain,KOR,South Korea,2,2,0.40625,0.71875,-2.4375,5,1,1,1,0,UEFA,AFC,0,-0.3918860058490452,0.09090909090909094,227,4.033492822966508,-0.019230769230769273,-0.16025641025641035,Draw,Training
WC-1994,1994,M-1994-03,1994-06-18,USA,United States,CHE,Switzerland,1,1,0.0222222222222222,-0.15555555555555567,0.45555555555555527,-2,1,0.5,0,1,CONCACAF,UEFA,0,-1.5659262024765077,0.7727272727272727,-270,13.772727272727273,-0.19999999999999996,-1.7,Draw,Training
WC-1994,1994,M-1994-04,1994-06-18,ITA,Italy,IRL,Republic of Ireland,0,1,0.5740740740740741,1.248148148148148,0.4,11,1,1,1,0,UEFA,UEFA,0,-1.1543774500653363,-0.7272727272727273,124,-13.863636363636363,0.0722222222222223,0.41666666666666674,Away Win,Training
WC-1994,1994,M-1994-05,1994-06-18,COL,Colombia,ROU,Romania,1,3,-0.10714285714285715,-0.04761904761904745,0.47619047619047605,-3,0,0.5,0,0,CONMEBOL,UEFA,0,2.212307883765792,0.5909090909090909,107,6.863636363636363,0.04444444444444451,0.1333333333333333,Away Win,Training
WC-1994,1994,M-1994-06,1994-06-19,BEL,Belgium,MAR,Morocco,1,0,0.13714285714285718,0.6057142857142858,0.8171428571428572,6,2,0.5,0,0,UEFA,CAF,0,2.7733183996017665,2.1363636363636367,152,12.227272727272728,-0.03333333333333344,-0.3999999999999999,Home Win,Training
WC-1994,1994,M-1994-07,1994-06-19,NOR,Norway,MEX,Mexico,1,0,-0.20689655172413793,0.06896551724137934,-0.2068965517241379,-8,0,0.5,0,0,UEFA,CONCACAF,0,-1.2952523178395872,-0.3181818181818182,-1,-0.18181818181818343,-0.011111111111111072,-0.5833333333333335,Home Win,Training
WC-1994,1994,M-1994-08,1994-06-19,CMR,Cameroon,SWE,Sweden,2,2,0.020161290322580627,-0.6451612903225807,-0.42741935483870974,-6,2,0.5,0,0,CAF,UEFA,0,1.7991413104349476,1.227272727272727,-219,-9.40909090909091,0.008333333333333415,0.1499999999999999,Draw,Training
WC-1994,1994,M-1994-09,1994-06-20,BRA,Brazil,RUS,Russia,2,0,0.6666666666666666,2.242424242424242,0.9848484848484849,14,2,0.5,0,0,CONMEBOL,UEFA,0,1.5200049779105207,1.3636363636363635,95,15.454545454545457,0,0.625,Home Win,Training
WC-1994,1994,M-1994-10,1994-06-20,NLD,Netherlands,SAU,Saudi Arabia,2,1,0.4,1.75,1.15,5,2,0.5,0,0,UEFA,AFC,0,3.1540041067761777,0.5909090909090909,354,-7.013636363636362,0.003030303030302939,0.09090909090909083,Home Win,Training
WC-1994,1994,M-1994-11,1994-06-21,ARG,Argentina,GRC,Greece,4,0,0.5,1.7083333333333333,1.2291666666666667,10,5,0.5,0,0,CONMEBOL,UEFA,0,-1.1031049716881327,2.409090909090909,226,-5.22727272727273,-0.25,-1.125,Home Win,Training
WC-1994,1994,M-1994-12,1994-06-21,DEU,Germany,ESP,Spain,1,1,0.16727941176470584,0.7886029411764706,0.13602941176470584,4,4,1,2,0,UEFA,UEFA,0,2.3328977661626524,3.1363636363636362,117,22.863636363636367,-0.25,-1.9166666666666667,Draw,Training
WC-1994,1994,M-1994-13,1994-06-21,NGA,Nigeria,BGR,Bulgaria,3,0,0,-0.6875,-2.1875,-5,0,0.5,0,0,CAF,UEFA,0,-2.236450749797772,-0.36363636363636365,-30,-5.40909090909091,0.04166666666666674,0.6,Home Win,Training
WC-1994,1994,M-1994-14,1994-06-22,ROU,Romania,CHE,Switzerland,1,4,-0.02777777777777779,-0.22222222222222232,-0.7777777777777779,-1,2,0.5,0,0,UEFA,UEFA,0,-3.180884823595296,0.6818181818181818,-39,-8.363636363636363,0.033333333333333326,0,Away Win,Training
WC-1994,1994,M-1994-15,1994-06-22,USA,United States,COL,Colombia,2,1,0.15714285714285714,0.1142857142857141,0.7571428571428571,2,-1,0.5,0,1,CONCACAF,CONMEBOL,0,-0.597349262647004,-0.5,-338,15.272727272727273,-0.2777777777777778,-1.8333333333333333,Home Win,Training
WC-1994,1994,M-1994-16,1994-06-23,ITA,Italy,NOR,Norway,1,0,0.5740740740740741,0.6481481481481481,-1,11,4,1,1,0,UEFA,UEFA,0,0.9983199551988058,1.2727272727272727,135,-11.27272727272727,0,-0.5,Home Win,Training
WC-1994,1994,M-1994-17,1994-06-23,KOR,South Korea,BOL,Bolivia,0,0,0,0.625,-1.708333333333333,1,1,0.5,0,0,AFC,CONMEBOL,0,-0.5211872316595105,0.7727272727272727,-35,-10.055137844611528,0.10256410256410264,0.7019230769230771,Draw,Training
WC-1994,1994,M-1994-18,1994-06-24,MEX,Mexico,IRL,Republic of Ireland,2,1,0.20689655172413793,0.5310344827586206,1.6068965517241378,8,-3,0.5,0,0,CONCACAF,UEFA,0,-0.8574450874245549,-1.6818181818181819,-10,-2.40909090909091,0.08333333333333337,1.5000000000000002,Home Win,Training
WC-1994,1994,M-1994-19,1994-06-24,BRA,Brazil,CMR,Cameroon,3,0,0.29166666666666663,1.2424242424242422,-0.26515151515151514,12,-1,0.5,0,0,CONMEBOL,CAF,0,0.3088793478937184,-0.5909090909090908,274,9.863636363636367,0,0.75,Home Win,Training
WC-1994,1994,M-1994-20,1994-06-24,SWE,Sweden,RUS,Russia,3,1,0.3548387096774194,1.6451612903225807,1.6774193548387097,8,1,0.5,0,0,UEFA,UEFA,0,-0.5880156804181453,0.7272727272727273,40,15,-0.008333333333333415,-0.2749999999999999,Home Win,Training
WC-1994,1994,M-1994-21,1994-06-25,BEL,Belgium,NLD,Netherlands,1,0,-0.12,-0.42999999999999994,0.81,3,0,0.5,0,0,UEFA,UEFA,0,2.0428100304897043,1.681818181818182,-167,3.5454545454545467,0.033333333333333326,-0.8999999999999999,Home Win,Training
WC-1994,1994,M-1994-22,1994-06-25,SAU,Saudi Arabia,MAR,Morocco,2,1,-0.14285714285714285,-0.7142857142857143,-1.1428571428571428,-2,0,0.5,0,0,AFC,CAF,0,-2.4234957376641155,-0.13636363636363635,-35,15.695454545454544,-0.0696969696969697,0.40909090909090917,Home Win,Training
WC-1994,1994,M-1994-23,1994-06-25,ARG,Argentina,NGA,Nigeria,2,1,0.5,1.7083333333333333,1.2291666666666667,10,5,0.5,0,0,CONMEBOL,CAF,0,1.809470474768215,2.409090909090909,173,7.09090909090909,-0.125,-1.625,Home Win,Training
WC-1994,1994,M-1994-24,1994-06-26,BGR,Bulgaria,GRC,Greece,4,0,0,0.6875,2.1875,5,0,0.5,0,0,UEFA,UEFA,0,-0.6761246966585759,0.36363636363636365,83,-6.90909090909091,-0.16666666666666674,-0.09999999999999998,Home Win,Training
WC-1994,1994,M-1994-25,1994-06-26,CHE,Switzerland,COL,Colombia,0,2,0.13492063492063494,0.26984126984126977,0.30158730158730185,4,-2,0.5,0,0,UEFA,CONMEBOL,0,0.9685769398295037,-1.2727272727272727,-68,1.5,-0.07777777777777783,-0.1333333333333333,Away Win,Training
WC-1994,1994,M-1994-26,1994-06-26,USA,United States,ROU,Romania,0,1,0.04999999999999999,0.06666666666666665,1.2333333333333332,-1,-1,0.5,0,1,CONCACAF,UEFA,0,1.614958621118788,0.09090909090909094,-231,22.136363636363637,-0.23333333333333328,-1.7,Away Win,Training
WC-1994,1994,M-1994-27,1994-06-27,BOL,Bolivia,ESP,Spain,1,3,-0.40625,-1.34375,4.145833333333333,-6,-2,0.5,0,0,CONMEBOL,UEFA,0,0.9130732375085557,-0.8636363636363636,-192,6.0216450216450195,-0.08333333333333337,-0.5416666666666667,Away Win,Training
WC-1994,1994,M-1994-28,1994-06-27,DEU,Germany,KOR,South Korea,3,2,0.5735294117647058,1.5073529411764706,-2.3014705882352944,9,5,0.5,0,0,UEFA,AFC,0,1.9410117603136072,3.2272727272727275,344,26.897129186602875,-0.2692307692307693,-2.076923076923077,Home Win,Training
WC-1994,1994,M-1994-29,1994-06-28,ITA,Italy,MEX,Mexico,1,1,0.36717752234993617,0.7171136653895275,-1.206896551724138,3,4,1,1,0,UEFA,CONCACAF,0,-0.2969323626407814,0.9545454545454546,134,-11.454545454545453,-0.011111111111111072,-1.0833333333333335,Draw,Training
WC-1994,1994,M-1994-30,1994-06-28,IRL,Republic of Ireland,NOR,Norway,0,0,0,-0.6,-1.4,0,3,0.5,0,0,UEFA,UEFA,0,2.152697405264142,2,11,2.5909090909090935,-0.0722222222222223,-0.9166666666666667,Draw,Training
WC-1994,1994,M-1994-31,1994-06-28,RUS,Russia,CMR,Cameroon,6,1,-0.375,-1,-1.25,-2,-3,0.5,0,0,UEFA,CAF,0,-1.2111256300168023,-1.9545454545454544,179,-5.59090909090909,0,0.125,Home Win,Training
WC-1994,1994,M-1994-32,1994-06-28,BRA,Brazil,SWE,Sweden,1,1,0.31182795698924726,0.5972629521016615,-0.6925708699902249,6,1,0.8,5,0,CONMEBOL,UEFA,0,2.108020658328666,0.6363636363636364,55,0.4545454545454568,0.008333333333333415,0.8999999999999999,Draw,Training
WC-1994,1994,M-1994-33,1994-06-29,BEL,Belgium,SAU,Saudi Arabia,0,1,0.28,1.32,1.96,8,2,0.5,0,0,UEFA,AFC,0,5.196814137265882,2.272727272727273,187,-3.468181818181815,0.036363636363636265,-0.8090909090909091,Away Win,Training
WC-1994,1994,M-1994-34,1994-06-29,MAR,Morocco,NLD,Netherlands,1,2,-0.2571428571428572,-1.0357142857142856,-0.0071428571428571175,-3,-2,0.5,0,0,CAF,UEFA,0,-0.7305083691120622,-0.4545454545454546,-319,-8.681818181818182,0.06666666666666676,-0.5,Away Win,Training
WC-1994,1994,M-1994-35,1994-06-30,ARG,Argentina,BGR,Bulgaria,0,2,0.5,1.0208333333333333,-0.9583333333333333,5,5,1,2,0,CONMEBOL,UEFA,0,-0.4269802750295568,2.0454545454545454,143,1.6818181818181799,-0.08333333333333326,-1.025,Away Win,Training
WC-1994,1994,M-1994-36,1994-06-30,GRC,Greece,NGA,Nigeria,0,2,0,0,0,0,0,0.5,0,0,UEFA,CAF,0,2.912575446456348,0,-53,12.31818181818182,0.125,-0.5,Away Win,Training
WC-1994,1994,M-1994-37,1994-07-02,DEU,Germany,BEL,Belgium,3,2,0.2935294117647058,0.8123529411764705,-0.6364705882352941,4,4,1,1,0,UEFA,UEFA,0,-0.4201356480617271,1.727272727272727,184,12.636363636363637,-0.23333333333333328,-1.1,Home Win,Training
WC-1994,1994,M-1994-38,1994-07-02,ESP,Spain,CHE,Switzerland,3,0,0.1284722222222222,-0.21180555555555558,-1.2569444444444446,2,2,1,1,0,UEFA,UEFA,0,-1.6887561446082984,0.8636363636363636,18,-12.999999999999998,0.050000000000000044,0.21666666666666679,Home Win,Training
WC-1994,1994,M-1994-39,1994-07-03,SAU,Saudi Arabia,SWE,Sweden,1,3,-0.3548387096774194,-1.6451612903225807,-1.6774193548387097,-8,-1,0.5,0,0,AFC,UEFA,0,-1.507684649368425,-0.9090909090909091,-270,-0.07727272727272805,-0.003030303030302939,0.8090909090909091,Away Win,Training
WC-1994,1994,M-1994-40,1994-07-03,ROU,Romania,ARG,Argentina,3,2,-0.25,-0.375,0.4375,-5,-3,0,1,0,UEFA,CONMEBOL,0,-2.6814759504697925,-1.7272727272727275,-79,-4.863636363636363,0.1499999999999999,1.825,Home Win,Training
WC-1994,1994,M-1994-41,1994-07-04,NLD,Netherlands,IRL,Republic of Ireland,2,0,0.4,1.35,0.5499999999999999,4,-1,0,1,0,UEFA,UEFA,0,-1.7186236077406534,-1.4090909090909092,129,-9.40909090909091,0.005555555555555536,0.9166666666666667,Home Win,Training
WC-1994,1994,M-1994-42,1994-07-04,BRA,Brazil,USA,United States,1,0,0.36666666666666664,0.8424242424242423,-1.915151515151515,10,1,0.5,0,-1,CONMEBOL,CONCACAF,0,1.049094642523798,0.7727272727272727,359,-12.545454545454543,0.20833333333333337,2,Home Win,Training
WC-1994,1994,M-1994-43,1994-07-05,NGA,Nigeria,ITA,Italy,1,2,-0.5740740740740741,-1.6481481481481481,-1,-12,-4,0.5,0,0,CAF,UEFA,0,-1.8945927446954123,-1.2727272727272727,-246,0.18181818181817988,-0.05833333333333335,0,Away Win,Training
WC-1994,1994,M-1994-44,1994-07-05,MEX,Mexico,BGR,Bulgaria,1,1,0.20689655172413793,0.24353448275862066,0.0193965517241379,4,0,1,1,0,CONCACAF,UEFA,0,-0.044925642461578263,-0.04545454545454547,82,5.863636363636363,0.11111111111111116,1.6833333333333336,Draw,Training
WC-1994,1994,M-1994-45,1994-07-09,ITA,Italy,ESP,Spain,2,1,0.16782407407407407,0.30439814814814814,-0.1875,4,2,0.5,2,0,UEFA,UEFA,0,1.2744695414099922,0.40909090909090906,95,2.2272727272727284,0.01666666666666672,-0.41666666666666674,Home Win,Training
WC-1994,1994,M-1994-46,1994-07-09,NLD,Netherlands,BRA,Brazil,2,3,-0.2666666666666666,-0.4924242424242422,0.16515151515151505,-9,0,1,1,0,UEFA,CONMEBOL,0,-0.4617012009209134,-0.9545454545454545,29,-7.545454545454547,-0.008333333333333415,0,Away Win,Training
WC-1994,1994,M-1994-47,1994-07-10,BGR,Bulgaria,DEU,Germany,2,1,-0.5735294117647058,-1.4448529411764706,0.8639705882352942,-7,-6,0,1,0,UEFA,UEFA,0,-0.7165702196503005,-3.6363636363636362,-238,-15.045454545454547,0.16666666666666663,0.9,Home Win,Training
WC-1994,1994,M-1994-48,1994-07-10,ROU,Romania,SWE,Sweden,2,2,-0.10483870967741937,-0.3118279569892475,-0.010752688172043001,-3,1,0.5,0,0,UEFA,UEFA,0,-0.55603260531392,-0.2272727272727273,-73,-9.136363636363637,0.033333333333333326,0.5999999999999999,Draw,Training
WC-1994,1994,M-1994-49,1994-07-13,BGR,Bulgaria,ITA,Italy,1,2,-0.5740740740740741,-0.9606481481481481,1.1875,-7,-4,0,1,0,UEFA,UEFA,0,0.34185800510235964,-0.9090909090909091,-216,5.59090909090909,-0.10000000000000009,-0.6,Away Win,Training
WC-1994,1994,M-1994-50,1994-07-13,SWE,Sweden,BRA,Brazil,0,1,-0.31182795698924726,-0.5972629521016615,0.6925708699902249,-6,-1,0,5,0,UEFA,CONMEBOL,0,-2.108020658328666,-0.6363636363636364,-55,-0.4545454545454568,-0.008333333333333415,-0.8999999999999999,Away Win,Training
WC-1994,1994,M-1994-51,1994-07-16,SWE,Sweden,BGR,Bulgaria,4,0,0.3548387096774194,0.9576612903225807,-0.5100806451612903,3,1,0,1,0,UEFA,UEFA,0,-2.5524236201854293,0.5454545454545454,137,5.954545454545453,0.033333333333333326,0.20000000000000007,Home Win,Training
WC-1994,1994,M-1994-52,1994-07-17,BRA,Brazil,ITA,Italy,0,0,0.09259259259259256,0.5942760942760941,-0.015151515151515138,2,-2,0.5,4,0,CONMEBOL,UEFA,0,-0.10254495675440367,0.2727272727272727,-24,12,-0.05833333333333335,0.5,Draw,Training
WC-1998,1998,M-1998-01,1998-06-10,BRA,Brazil,SCO,Scotland,2,1,0.4712328767123288,1.0280821917808218,-0.8184931506849316,8,6,0.6666666666666666,3,0,CONMEBOL,UEFA,1,-1.9464874618878731,1.6818181818181819,313,11.272727272727273,-0.2666666666666667,-1.2,Home Win,Training
WC-1998,1998,M-1998-02,1998-06-10,MAR,Morocco,NOR,Norway,2,2,-0.15,0.19999999999999996,0.55,1,0,0.5,0,0,CAF,UEFA,0,-1.3264887063655024,-0.2727272727272727,-173,-5.18181818181818,0.05555555555555547,-0.375,Draw,Training
WC-1998,1998,M-1998-03,1998-06-11,ITA,Italy,CHL,Chile,2,2,0.24043715846994534,0.35206869633099136,-0.5565964090554254,7,5,0.5,2,0,UEFA,CONMEBOL,0,0.4394250513347018,2.909090909090909,192,-1.6818181818181799,0.2124999999999999,0.2250000000000001,Draw,Training
WC-1998,1998,M-1998-04,1998-06-11,CMR,Cameroon,AUT,Austria,1,1,-0.18881118881118886,-0.5384615384615385,0.25524475524475543,-3,1,0.5,0,0,CAF,UEFA,0,-6.06483728454981,0.22727272727272724,-119,-11.81818181818182,-0.05555555555555558,-0.30000000000000004,Draw,Training
WC-1998,1998,M-1998-05,1998-06-12,PRY,Paraguay,BGR,Bulgaria,0,0,0.14229249011857706,0.5415019762845851,0.27272727272727293,-2,-4,0.5,0,0,CONMEBOL,UEFA,0,-1.4165888868147576,-2.409090909090909,-66,-14.18181818181818,-0.14583333333333337,-0.6875,Draw,Training
WC-1998,1998,M-1998-06,1998-06-12,SAU,Saudi Arabia,DNK,Denmark,0,1,-0.25,-1.25,0,0,2,0.5,0,0,AFC,UEFA,0,-3.758322444154068,1.2272727272727273,-232,30.40909090909091,0.005952380952380931,0.3571428571428572,Away Win,Training
WC-1998,1998,M-1998-07,1998-06-12,FRA,France,ZAF,South Africa,3,0,0.4411764705882353,2.088235294117647,1.6470588235294117,9,0,0.5,0,1,UEFA,CAF,0,1.1685861381424267,0,360,6.211462450592887,-0.29166666666666663,-1,Home Win,Training
WC-1998,1998,M-1998-08,1998-06-13,ESP,Spain,NGA,Nigeria,2,3,-0.09459459459459457,-0.31756756756756754,0.18918918918918926,8,1,0.5,0,0,UEFA,CAF,0,0.6645510546947904,0.5909090909090908,334,3.6818181818181834,0.1444444444444445,1,Away Win,Training
WC-1998,1998,M-1998-09,1998-06-13,KOR,South Korea,MEX,Mexico,1,3,-0.21212121212121213,-0.12121212121212122,1.0303030303030303,-6,-1,0.5,0,0,AFC,CONCACAF,0,-1.056063717254684,0,-77,-7.636363636363633,0.18055555555555558,0.16666666666666674,Away Win,Training
WC-1998,1998,M-1998-10,1998-06-13,NLD,Netherlands,BEL,Belgium,0,0,0.1296551724137931,0.4441379310344826,-0.6675862068965519,-3,1,0,1,0,UEFA,UEFA,0,-2.888432580424368,-0.36363636363636354,142,-0.5,0.05833333333333335,1.75,Draw,Training
WC-1998,1998,M-1998-11,1998-06-14,ARG,Argentina,JPN,Japan,1,0,0.5,1.7307692307692308,1.25,11,2,0.5,0,0,CONMEBOL,AFC,0,0.5545392321572997,1.1363636363636365,153,0.045454545454546746,-0.08611111111111114,-1.975,Home Win,Training
WC-1998,1998,M-1998-12,1998-06-14,YUG,Yugoslavia,IRN,Iran,1,0,0.42424242424242425,1,-1.3939393939393938,7,0,0.5,0,0,UEFA,AFC,0,0.8868147595046985,0.36363636363636365,321,-6.636363636363637,0.2173202614379085,0.3970588235294117,Home Win,Training
WC-1998,1998,M-1998-13,1998-06-14,JAM,Jamaica,HRV,Croatia,1,3,0,0,0,0,0,0.5,0,0,CONCACAF,UEFA,0,-1.542530023022838,-0.18181818181818182,-232,21.136363636363637,0.01666666666666672,-0.24999999999999994,Away Win,Training
WC-1998,1998,M-1998-14,1998-06-15,ENG,England,TUN,Tunisia,2,0,0.10569105691056913,0.3414634146341464,0.26016260162601634,8,0,0.5,0,0,UEFA,CAF,0,1.6708356667288875,0,335,-3.90909090909091,-0.125,0,Home Win,Training
WC-1998,1998,M-1998-15,1998-06-15,ROU,Romania,COL,Colombia,1,0,0.15294117647058825,0.2294117647058822,-0.2941176470588236,3,2,1,1,0,UEFA,CONMEBOL,0,0.3488270798332387,0.9999999999999998,116,11.454545454545457,0.35,2.8,Home Win,Training
WC-1998,1998,M-1998-16,1998-06-15,DEU,Germany,USA,United States,2,0,0.2896281800391389,0.8953033268101762,-1.028375733855186,8,1,0.5,0,0,UEFA,CONCACAF,0,1.4084997822164134,1.3181818181818181,302,-9,0.10833333333333328,0.5874999999999999,Home Win,Training
WC-1998,1998,M-1998-17,1998-06-16,SCO,Scotland,NOR,Norway,1,1,-0.04999999999999999,0.6499999999999999,1,5,-1,0.5,0,0,UEFA,UEFA,0,1.6575197560823867,-0.7272727272727273,-126,-6.59090909090909,-0.06666666666666665,-1.175,Draw,Training
WC-1998,1998,M-1998-18,1998-06-16,BRA,Brazil,MAR,Morocco,3,0,0.5712328767123288,1.4780821917808218,-0.3684931506849316,12,5,0.5,0,0,CONMEBOL,CAF,1,1.037521000560016,1.2272727272727273,360,9.863636363636363,-0.38888888888888884,-2,Home Win,Training
WC-1998,1998,M-1998-19,1998-06-17,CHL,Chile,AUT,Austria,1,1,-0.12820512820512825,-0.3003663003663004,-0.13003663003663002,0,0,0,1,0,CONMEBOL,UEFA,0,-2.656959741148654,-0.45454545454545453,62,-2.31818181818182,-0.3125,-0.42500000000000004,Draw,Training
WC-1998,1998,M-1998-20,1998-06-17,ITA,Italy,CMR,Cameroon,3,0,0.30104321907600595,0.5901639344262295,-0.9418777943368108,10,4,0,1,0,UEFA,CAF,0,3.847302594735858,2.2272727272727275,373,7.81818181818182,-0.04444444444444451,0.10000000000000009,Home Win,Training
WC-1998,1998,M-1998-21,1998-06-18,ZAF,South Africa,DNK,Denmark,1,1,-0.75,-2.5,-1.5,-1,0,0.5,0,0,CAF,UEFA,0,-3.202435929692424,-0.18181818181818182,-238,-9.756916996047433,0.08333333333333326,0,Draw,Training
WC-1998,1998,M-1998-22,1998-06-18,FRA,France,SAU,Saudi Arabia,4,0,-0.05882352941176472,0.8382352941176472,0.1470588235294117,8,-2,0.5,0,1,UEFA,AFC,0,1.7244726526040708,-1.4090909090909092,354,-33.95454545454545,-0.2142857142857143,-1.3571428571428572,Home Win,Training
WC-1998,1998,M-1998-23,1998-06-19,NGA,Nigeria,BGR,Bulgaria,1,0,0.3695652173913043,0.8369565217391305,-1,-5,-2,1,1,0,CAF,UEFA,0,-1.6937340551303564,-0.8181818181818183,-99,-8.636363636363637,-0.02777777777777779,-0.125,Home Win,Training
WC-1998,1998,M-1998-24,1998-06-19,ESP,Spain,PRY,Paraguay,0,0,0.13267813267813272,-0.02211302211302213,-1.0835380835380837,5,3,0.5,0,0,UEFA,CONMEBOL,0,0.3874058863791916,2.1818181818181817,301,9.227272727272727,0.26250000000000007,1.5625,Draw,Training
WC-1998,1998,M-1998-25,1998-06-20,JPN,Japan,HRV,Croatia,0,1,0,0,0,0,0,0.5,0,0,AFC,UEFA,0,-2.0933358222885943,-0.18181818181818182,-137,6.318181818181817,0.07777777777777783,1.9000000000000001,Away Win,Training
WC-1998,1998,M-1998-26,1998-06-20,BEL,Belgium,MEX,Mexico,2,2,0.09822361546499478,0.3364681295715779,-0.23301985370950873,-1,0,0,2,0,UEFA,CONCACAF,0,2.627963412357662,0.8636363636363635,-25,-18.363636363636363,0.10833333333333328,-0.5,Draw,Training
WC-1998,1998,M-1998-27,1998-06-20,NLD,Netherlands,KOR,South Korea,5,0,0.44,0.9018181818181817,-1.930909090909091,2,2,0.5,0,0,UEFA,AFC,0,0.7955945491879781,0.5,194,-11.22727272727273,-0.01388888888888895,1.0833333333333333,Home Win,Training
WC-1998,1998,M-1998-28,1998-06-21,DEU,Germany,YUG,Yugoslavia,2,2,0.15110004151100037,0.44292237442922366,0.05603985056039851,5,3,0.8,5,0,UEFA,UEFA,0,2.0396988364134145,2.7727272727272725,92,21.181818181818183,-0.0722222222222223,-1.35,Draw,Training
WC-1998,1998,M-1998-29,1998-06-21,ARG,Argentina,JAM,Jamaica,5,0,0.5,1.7307692307692308,1.25,11,2,0.5,0,0,CONMEBOL,CONCACAF,0,0.0037334328915434867,1.1363636363636365,248,-14.772727272727273,-0.025000000000000022,0.175,Home Win,Training
WC-1998,1998,M-1998-30,1998-06-21,USA,United States,IRN,Iran,1,2,0.2857142857142857,0.5476190476190476,-0.3095238095238093,4,2,0.5,0,0,CONCACAF,AFC,0,1.5180138137016996,1.8181818181818181,111,23.545454545454547,0.03676470588235292,-1.5404411764705883,Away Win,Training
WC-1998,1998,M-1998-31,1998-06-22,COL,Colombia,TUN,Tunisia,1,0,-0.1333333333333333,0.30000000000000004,1.3333333333333335,2,1,0.5,0,0,CONMEBOL,CAF,0,1.7048099060419375,1.1818181818181819,124,-1.9545454545454533,-0.33333333333333326,-1.125,Home Win,Training
WC-1998,1998,M-1998-32,1998-06-22,ROU,Romania,ENG,England,2,1,-0.08608321377331418,0.18794835007173583,0.7790530846484934,-3,3,0,1,0,UEFA,UEFA,0,0.3828013191462887,2.1818181818181817,-95,13.409090909090914,0.14166666666666672,1.6749999999999998,Home Win,Training
WC-1998,1998,M-1998-33,1998-06-23,CHL,Chile,CMR,Cameroon,1,1,0.06060606060606061,0.23809523809523814,-0.38528138528138545,3,-1,0.5,0,0,CONMEBOL,CAF,0,3.407877543401156,-0.6818181818181818,181,9.5,-0.2569444444444444,-0.125,Draw,Training
WC-1998,1998,M-1998-34,1998-06-23,ITA,Italy,AUT,Austria,2,1,0.1122320302648171,0.05170239596469095,-0.6866330390920554,7,5,1,3,0,UEFA,UEFA,0,-2.2175346898139523,2.4545454545454546,254,-4,-0.10000000000000009,-0.19999999999999996,Home Win,Training
WC-1998,1998,M-1998-35,1998-06-23,BRA,Brazil,NOR,Norway,1,2,0.4212328767123288,1.6780821917808217,0.18150684931506844,13,5,0.5,0,0,CONMEBOL,UEFA,1,-0.2889677058054865,0.9545454545454546,187,4.681818181818183,-0.33333333333333337,-2.375,Away Win,Training
WC-1998,1998,M-1998-36,1998-06-23,SCO,Scotland,MAR,Morocco,0,3,0.1,0.44999999999999996,0.44999999999999996,4,-1,0.5,0,0,UEFA,CAF,0,2.984008462447889,-0.45454545454545453,47,-1.40909090909091,-0.12222222222222212,-0.8,Away Win,Training
WC-1998,1998,M-1998-37,1998-06-24,FRA,France,DNK,Denmark,2,1,-0.3088235294117647,-0.4117647058823528,0.1470588235294117,8,0,0.5,0,1,UEFA,UEFA,0,-2.033849791549997,-0.18181818181818182,122,-3.5454545454545467,-0.20833333333333337,-1,Home Win,Training
WC-1998,1998,M-1998-38,1998-06-24,ZAF,South Africa,SAU,Saudi Arabia,2,2,-0.5,-1.25,-1.5,-1,-2,0.5,0,0,CAF,AFC,0,0.555886514461644,-1.4090909090909092,-6,-40.16600790513834,0.07738095238095233,-0.3571428571428572,Draw,Training
WC-1998,1998,M-1998-39,1998-06-24,NGA,Nigeria,PRY,Paraguay,1,3,0.2272727272727273,0.2954545454545454,-1.272727272727273,-3,2,0.5,0,0,CAF,CONMEBOL,0,-0.27714516831559877,1.5909090909090908,-33,5.545454545454543,0.11805555555555558,0.5625,Away Win,Training
WC-1998,1998,M-1998-40,1998-06-24,ESP,Spain,BGR,Bulgaria,6,1,0.2749706227967098,0.5193889541715629,-0.8108108108108107,3,-1,0.5,0,0,UEFA,UEFA,0,-1.029183000435566,-0.22727272727272751,235,-4.954545454545453,0.1166666666666667,0.875,Home Win,Training
WC-1998,1998,M-1998-41,1998-06-25,BEL,Belgium,KOR,South Korea,1,1,0.3103448275862069,0.4576802507836991,-1.263322884012539,5,1,1,1,0,UEFA,AFC,0,3.684027129612346,0.8636363636363635,52,-10.72727272727273,-0.0722222222222223,-0.6666666666666667,Draw,Training
WC-1998,1998,M-1998-42,1998-06-25,NLD,Netherlands,MEX,Mexico,2,2,0.22787878787878788,0.7806060606060605,-0.9006060606060606,-4,1,0.5,0,0,UEFA,CONCACAF,0,-0.26046916806670595,0.5,117,-18.863636363636363,0.16666666666666663,1.25,Draw,Training
WC-1998,1998,M-1998-43,1998-06-25,DEU,Germany,IRN,Iran,2,0,0.5753424657534246,1.4429223744292239,-1.3378995433789953,12,3,0.5,0,0,UEFA,AFC,0,2.926513595918113,3.1363636363636362,413,14.545454545454547,0.1450980392156862,-0.9529411764705884,Home Win,Training
WC-1998,1998,M-1998-44,1998-06-25,USA,United States,YUG,Yugoslavia,0,1,-0.13852813852813856,-0.45238095238095255,1.0844155844155845,-3,2,0.5,0,0,CONCACAF,UEFA,0,0.6311990541970012,1.4545454545454546,-210,30.181818181818183,-0.18055555555555558,-1.9375,Away Win,Training
WC-1998,1998,M-1998-45,1998-06-26,ARG,Argentina,HRV,Croatia,1,0,0.5,1.7307692307692308,1.25,11,2,0.5,0,0,CONMEBOL,UEFA,0,-1.5387965901312946,0.9545454545454546,16,6.363636363636363,-0.008333333333333304,-0.07499999999999996,Home Win,Training
WC-1998,1998,M-1998-46,1998-06-26,JPN,Japan,JAM,Jamaica,1,2,0,0,0,0,0,0.5,0,0,AFC,CONCACAF,0,-0.5508057992657562,0,95,-14.81818181818182,0.061111111111111116,2.15,Away Win,Training
WC-1998,1998,M-1998-47,1998-06-26,COL,Colombia,ENG,England,0,2,-0.23902439024390243,-0.04146341463414638,1.0731707317073171,-6,1,0.5,0,0,CONMEBOL,UEFA,0,0.03397423931304999,1.1818181818181819,-211,1.9545454545454568,-0.20833333333333326,-1.125,Away Win,Training
WC-1998,1998,M-1998-48,1998-06-26,ROU,Romania,TUN,Tunisia,1,1,0.019607843137254943,0.5294117647058822,1.0392156862745097,5,3,0.5,0,0,UEFA,CAF,0,2.053636985875176,2.1818181818181817,240,9.500000000000004,0.01666666666666672,1.6749999999999998,Draw,Training
WC-1998,1998,M-1998-49,1998-06-27,ITA,Italy,NOR,Norway,1,0,0.32377049180327866,1.0901639344262295,0.21721311475409832,11,4,1,2,0,UEFA,UEFA,0,-0.5779354116109765,1.8636363636363638,68,-4.318181818181817,-0.10000000000000009,-1.275,Home Win,Training
WC-1998,1998,M-1998-50,1998-06-27,BRA,Brazil,CHL,Chile,4,1,0.33789954337899547,0.9399869536855836,-0.5923026744944553,9,6,1,1,0,CONMEBOL,CONMEBOL,1,0.7283927571401918,2,311,7.31818181818182,-0.02083333333333337,-0.875,Home Win,Training
WC-1998,1998,M-1998-51,1998-06-28,FRA,France,PRY,Paraguay,1,0,0.16844919786096257,0.6336898395721926,-0.6256684491978612,5,0,1,1,1,UEFA,CONMEBOL,0,0.5527969634745808,0,264,5.454545454545453,-0.10416666666666663,-0.4375,Home Win,Training
WC-1998,1998,M-1998-52,1998-06-28,NGA,Nigeria,DNK,Denmark,1,4,-0.25,-0.75,-0.5,0,2,0.5,0,0,CAF,UEFA,0,-2.8637919233401767,1.409090909090909,-175,-3.454545454545457,0.01388888888888884,0,Away Win,Training
WC-1998,1998,M-1998-53,1998-06-29,DEU,Germany,MEX,Mexico,2,1,0.36322125363221247,1.170195101701951,-0.7318389373183893,3,1,0.5,2,0,UEFA,CONCACAF,0,3.007777985190714,2.1818181818181817,217,-0.6363636363636331,0.10833333333333328,-0.10000000000000009,Home Win,Training
WC-1998,1998,M-1998-54,1998-06-29,NLD,Netherlands,YUG,Yugoslavia,2,1,0.015757575757575748,0.05333333333333323,-0.11272727272727279,-2,3,0.5,0,0,UEFA,UEFA,0,-1.2285483168440052,1.0909090909090908,-8,2.9545454545454533,-0.01388888888888895,0,Home Win,Training
WC-1998,1998,M-1998-55,1998-06-30,ROU,Romania,HRV,Croatia,0,1,0.35294117647058826,1.5294117647058822,1.7058823529411764,6,3,0.5,0,0,UEFA,UEFA,0,0.4192645137203641,1.9999999999999998,4,15.72727272727273,0.30000000000000004,2.5999999999999996,Away Win,Training
WC-1998,1998,M-1998-56,1998-06-30,ARG,Argentina,ENG,England,2,2,0.06097560975609756,0.3893058161350844,0.323170731707317,2,2,0.3333333333333333,3,0,CONMEBOL,UEFA,0,-1.57525978470537,1.1363636363636365,-83,4.045454545454547,-0.16666666666666663,-1,Draw,Training
WC-1998,1998,M-1998-57,1998-07-03,ITA,Italy,FRA,France,0,0,0.13259402121504338,-0.4980713596914177,-0.6798457087753134,4,5,0.6666666666666666,3,-1,UEFA,UEFA,0,0.2203969883641328,2.909090909090909,-32,2.40909090909091,0.23333333333333328,1.1,Draw,Training
WC-1998,1998,M-1998-58,1998-07-03,BRA,Brazil,DNK,Denmark,3,2,-0.07876712328767121,-0.32191780821917826,-0.5684931506849316,14,6,0.5,0,0,CONMEBOL,UEFA,1,-1.5244850973803743,1.8181818181818181,209,7.863636363636363,-0.20833333333333337,-1,Home Win,Training
WC-1998,1998,M-1998-59,1998-07-04,NLD,Netherlands,ARG,Argentina,2,1,-0.06,-0.010769230769230864,-0.09000000000000008,-5,1,0.5,2,0,UEFA,CONMEBOL,0,0.46083006657955394,0.3181818181818181,72,-0.6818181818181834,0.16666666666666663,2.125,Home Win,Training
WC-1998,1998,M-1998-60,1998-07-04,DEU,Germany,HRV,Croatia,0,3,0.5753424657534246,2.1095890410958904,1.3287671232876712,13,3,0.5,0,0,UEFA,UEFA,0,2.190280629705679,2.9545454545454546,188,23.90909090909091,0.09999999999999998,0.7,Away Win,Training
WC-1998,1998,M-1998-61,1998-07-07,BRA,Brazil,NLD,Netherlands,1,1,0.23123287671232878,0.45808219178082177,-0.22849315068493148,9,3,0.5,2,0,CONMEBOL,UEFA,1,0.8797212370107665,0.5454545454545454,129,8.954545454545457,-0.29166666666666663,-2.75,Draw,Training
WC-1998,1998,M-1998-62,1998-07-08,FRA,France,HRV,Croatia,2,1,0.4411764705882353,2.088235294117647,1.6470588235294117,9,0,0.5,0,1,UEFA,UEFA,0,-0.7076099807105969,-0.18181818181818182,130,3.2272727272727266,-0.1333333333333333,-0.7,Home Win,Training
WC-1998,1998,M-1998-63,1998-07-11,NLD,Netherlands,HRV,Croatia,1,2,0.44,1.72,1.16,6,3,0.5,0,0,UEFA,UEFA,0,-1.0779665235517406,1.2727272727272727,88,5.68181818181818,0.15833333333333333,2.05,Away Win,Training
WC-1998,1998,M-1998-64,1998-07-12,BRA,Brazil,FRA,France,0,3,0.2300564061240935,0.08984689766317455,-0.7155519742143432,6,6,0.5,2,-1,CONMEBOL,UEFA,1,0.5093646941696228,2,87,11.40909090909091,0,0,Away Win,Training
WC-2002,2002,M-2002-01,2002-05-31,FRA,France,SEN,Senegal,0,1,0.5121951219512195,2.097560975609756,1.4146341463414633,10,6,0.5,0,0,UEFA,CAF,1,3.609082522393834,3.0434782608695654,391,19.43478260869565,-0.1333333333333333,-1.3,Away Win,Training
WC-2002,2002,M-2002-02,2002-06-01,IRL,Republic of Ireland,CMR,Cameroon,1,1,-0.10317460317460317,-0.4841269841269842,-1.0793650793650795,-2,-1,0.5,0,0,UEFA,CAF,0,2.0724340088682567,-0.6086956521739131,68,5,-0.08333333333333337,-0.01666666666666683,Draw,Training
WC-2002,2002,M-2002-03,2002-06-01,URY,Uruguay,DNK,Denmark,1,2,-0.15015015015015015,-0.4624624624624625,-0.039039039039038936,7,-3,0,1,0,CONMEBOL,UEFA,0,-2.2076600303544325,-0.9565217391304348,-49,-1.1304347826086953,-0.23333333333333328,-1.2000000000000002,Away Win,Training
WC-2002,2002,M-2002-04,2002-06-01,DEU,Germany,SAU,Saudi Arabia,8,0,0.2912087912087912,1.076923076923077,-0.5366300366300367,12,2,0.5,0,0,UEFA,AFC,0,1.8518584650180046,-0.5652173913043479,168,-24.260869565217387,-0.13333333333333341,-2.0857142857142854,Home Win,Training
WC-2002,2002,M-2002-05,2002-06-02,ARG,Argentina,NGA,Nigeria,1,0,0.00877192982456143,0.1293859649122806,-0.4144736842105263,10,1,1,1,0,CONMEBOL,CAF,0,4.912775645031694,1.9565217391304348,248,23.173913043478258,0.12962962962962965,-0.10000000000000009,Home Win,Training
WC-2002,2002,M-2002-06,2002-06-02,PRY,Paraguay,ZAF,South Africa,2,2,0.26666666666666666,0.2666666666666666,-0.19999999999999996,4,1,0.5,0,0,CONMEBOL,CAF,0,1.431538850697855,0.8695652173913044,85,11.565217391304351,-0.36111111111111105,-0.9166666666666667,Draw,Training
WC-2002,2002,M-2002-07,2002-06-02,ENG,England,SWE,Sweden,1,1,0.07602339181286549,-0.3590643274853802,-0.6456140350877193,1,2,0.5,0,0,UEFA,UEFA,0,-0.05713775555754097,0.4782608695652174,58,-3.391304347826086,-0.15833333333333333,-0.44999999999999996,Draw,Training
WC-2002,2002,M-2002-08,2002-06-02,ESP,Spain,SVN,Slovenia,3,1,0.4,1.525,1.2,10,1,0.5,0,0,UEFA,UEFA,0,-1.4587983215784313,1.0869565217391304,219,-13.782608695652172,0.16666666666666674,1.375,Home Win,Training
WC-2002,2002,M-2002-09,2002-06-03,HRV,Croatia,MEX,Mexico,0,1,0.4980694980694981,0.5173745173745175,-1.3127413127413128,-10,2,0.5,0,0,UEFA,CONCACAF,0,-0.8599232211409706,0.5652173913043479,52,-12.173913043478262,0.125,0.25,Away Win,Training
WC-2002,2002,M-2002-10,2002-06-03,BRA,Brazil,TUR,Turkey,2,1,0.32916666666666666,-1.1708333333333334,-2.6916666666666664,15,5,0.5,0,0,CONMEBOL,UEFA,0,-1.3380948129631278,1.608695652173913,110,-3.5217391304347814,-0.19444444444444442,-0.5555555555555555,Home Win,Training
WC-2002,2002,M-2002-11,2002-06-03,ITA,Italy,ECU,Ecuador,2,0,0.5757575757575758,1.5909090909090908,0.9393939393939394,14,3,0.5,0,0,UEFA,CONMEBOL,0,0.2764038925095953,2.0434782608695654,282,-7.130434782608695,0.2592592592592593,1.4583333333333333,Home Win,Training
WC-2002,2002,M-2002-12,2002-06-04,CHN,China,CRI,Costa Rica,0,2,-0.5,-1,-1.5,-1,0,0.5,0,0,AFC,CONCACAF,0,-0.8351635270660331,-0.13043478260869565,-53,2.217391304347821,0.17507002801120441,1.415966386554622,Away Win,Training
WC-2002,2002,M-2002-13,2002-06-04,JPN,Japan,BEL,Belgium,2,2,-0.28125,-0.9166666666666667,-0.41666666666666674,-9,0,0.5,0,1,AFC,UEFA,0,-3.6506264321637936,-0.08695652173913038,11,-2.695652173913043,-0.2666666666666667,-2.1,Draw,Training
WC-2002,2002,M-2002-14,2002-06-04,KOR,South Korea,POL,Poland,2,0,-0.52,-0.7742857142857144,1.9114285714285717,0,1,0.5,0,1,AFC,UEFA,0,-1.6479480998720355,1.391304347826087,2,16.260869565217394,-0.19999999999999996,-1,Home Win,Training
WC-2002,2002,M-2002-15,2002-06-05,RUS,Russia,TUN,Tunisia,2,0,0.16666666666666666,1.666666666666667,1,-1,-1,0.5,0,0,UEFA,CAF,0,0.3215189120019062,-0.34782608695652173,177,-0.5652173913043477,-0.09999999999999998,-0.9999999999999998,Home Win,Training
WC-2002,2002,M-2002-16,2002-06-05,USA,United States,PRT,Portugal,3,2,-0.4313725490196078,-1.0522875816993464,0.9019607843137256,4,1,0.5,0,0,CONCACAF,UEFA,0,0.4640061899235164,1.6956521739130435,-171,17.347826086956523,-0.21666666666666667,-1.725,Home Win,Training
WC-2002,2002,M-2002-17,2002-06-05,DEU,Germany,IRL,Republic of Ireland,1,1,0.46581196581196577,1.6324786324786327,0.5427350427350427,12,3,0.5,0,0,UEFA,UEFA,0,0.6699401839121499,-0.26086956521739135,-3,-9.565217391304348,-0.050000000000000044,-0.8833333333333333,Draw,Training
WC-2002,2002,M-2002-18,2002-06-06,DNK,Denmark,SEN,Senegal,1,1,0.5555555555555556,2.111111111111111,1.4444444444444444,2,3,0.5,0,0,UEFA,CAF,0,2.7326131595393264,0.9565217391304348,158,5.130434782608695,0.09999999999999998,0.30000000000000004,Draw,Training
WC-2002,2002,M-2002-19,2002-06-06,CMR,Cameroon,SAU,Saudi Arabia,1,0,-0.07142857142857142,-0.0714285714285714,0,2,0,0.5,0,0,CAF,AFC,0,-0.8905157277624021,0.30434782608695654,103,-19.69565217391304,0,-1.1857142857142855,Home Win,Training
WC-2002,2002,M-2002-20,2002-06-06,FRA,France,URY,Uruguay,0,0,0.1067897165458141,0.4489123269611075,0.009228740936057855,1,6,0,1,0,UEFA,CONMEBOL,1,3.08412939320894,3.0434782608695654,282,15.434782608695649,0,-0.4,Draw,Training
WC-2002,2002,M-2002-21,2002-06-07,SWE,Sweden,NGA,Nigeria,2,1,-0.13157894736842107,0.11184210526315796,-0.046052631578947345,7,-2,0.5,0,0,UEFA,CAF,0,3.304347826086957,-0.6521739130434784,99,9.956521739130434,0.20000000000000007,0.09999999999999987,Home Win,Training
WC-2002,2002,M-2002-22,2002-06-07,ESP,Spain,PRY,Paraguay,3,1,0.13333333333333336,0.2583333333333333,-0.6000000000000001,5,-1,0,1,0,UEFA,CONMEBOL,0,-1.0877600214266607,-0.5217391304347827,234,-16.17391304347826,0.2777777777777778,1.7916666666666667,Home Win,Training
WC-2002,2002,M-2002-23,2002-06-07,ARG,Argentina,ENG,England,0,1,0.06432748538011701,0.37660818713450284,0.2771929824561403,2,1,0.25,4,0,CONMEBOL,UEFA,0,1.6655655745022777,2.130434782608696,91,16.60869565217391,0.08796296296296291,0.25,Away Win,Training
WC-2002,2002,M-2002-24,2002-06-08,ZAF,South Africa,SVN,Slovenia,1,0,0,1,2,1,1,0.5,0,0,CAF,UEFA,0,-1.8025771508496256,0.7391304347826086,-100,-9.173913043478262,0.25,0.5,Home Win,Training
WC-2002,2002,M-2002-25,2002-06-08,ITA,Italy,HRV,Croatia,1,2,-0.1385281385281385,0.01948051948051943,0.22510822510822515,13,-1,0.5,0,0,UEFA,UEFA,0,0.024997768056422842,-0.08695652173913038,127,-0.43478260869565233,0.08333333333333337,0,Away Win,Training
WC-2002,2002,M-2002-26,2002-06-08,BRA,Brazil,CHN,China,4,0,0.6625,2.1625,0.975,16,5,0.5,0,0,CONMEBOL,AFC,0,0.04630538939975537,1.608695652173913,165,-14.130434782608692,-0.32539682539682535,-1.5793650793650795,Home Win,Training
WC-2002,2002,M-2002-27,2002-06-09,MEX,Mexico,ECU,Ecuador,2,1,0.21621621621621623,1.054054054054054,2.027027027027027,11,2,0.5,0,0,CONCACAF,CONMEBOL,0,1.111329345594143,1.565217391304348,103,5.478260869565219,0.05092592592592593,1.2083333333333333,Home Win,Training
WC-2002,2002,M-2002-28,2002-06-09,CRI,Costa Rica,TUR,Turkey,1,1,0.16666666666666669,-2.3333333333333335,-2.1666666666666665,0,0,0.5,0,0,CONCACAF,UEFA,0,-0.54923667529685,0.13043478260869565,-2,8.39130434782609,-0.044117647058823484,-0.392156862745098,Draw,Training
WC-2002,2002,M-2002-29,2002-06-09,JPN,Japan,RUS,Russia,1,0,-0.3333333333333333,-2,-0.6666666666666667,0,1,0.5,0,1,AFC,UEFA,0,-2.003035443263993,0.13043478260869568,47,-9.478260869565215,-0.2666666666666667,-1.3,Home Win,Training
WC-2002,2002,M-2002-30,2002-06-10,KOR,South Korea,USA,United States,1,1,-0.23529411764705882,-0.273109243697479,0.8361344537815127,-1,0,0.5,0,1,AFC,CONCACAF,0,-1.6277118114454048,-0.30434782608695654,-73,-8.043478260869563,-0.08333333333333337,-0.875,Draw,Training
WC-2002,2002,M-2002-31,2002-06-10,TUN,Tunisia,BEL,Belgium,1,1,-0.11458333333333334,-0.5833333333333334,-0.75,-8,0,0.5,0,0,CAF,UEFA,0,-1.9691099009017066,0.13043478260869568,-213,7.34782608695652,0.09999999999999998,0.19999999999999973,Draw,Training
WC-2002,2002,M-2002-32,2002-06-10,PRT,Portugal,POL,Poland,4,0,0.1466666666666666,0.5511111111111111,0.17333333333333334,-3,0,0,1,0,UEFA,UEFA,0,-0.4842424783501471,0,246,6.956521739130434,0.10000000000000009,1.6,Home Win,Training
WC-2002,2002,M-2002-33,2002-06-11,DNK,Denmark,FRA,France,2,0,0.04336043360433606,0.013550135501354976,0.02981029810298108,-8,-3,0,1,0,UEFA,UEFA,-1,-0.8764693628545075,-2.086956521739131,-233,-14.304347826086953,0.23333333333333328,1.6,Home Win,Training
WC-2002,2002,M-2002-34,2002-06-11,SEN,Senegal,URY,Uruguay,3,3,-0.40540540540540543,-1.6486486486486487,-1.4054054054054055,-9,0,0.5,0,0,CAF,CONMEBOL,0,-0.5249531291848939,0,-109,-4,0.1333333333333333,0.9,Draw,Training
WC-2002,2002,M-2002-35,2002-06-11,CMR,Cameroon,DEU,Germany,0,2,-0.36263736263736257,-1.1483516483516485,0.5366300366300367,-10,-2,0.5,0,0,CAF,UEFA,0,-2.7423741927804066,0.8695652173913044,-65,4.565217391304348,0.13333333333333341,0.9000000000000001,Away Win,Training
WC-2002,2002,M-2002-36,2002-06-11,SAU,Saudi Arabia,IRL,Republic of Ireland,0,3,0.1746031746031746,0.5555555555555556,1.0793650793650795,0,1,0.5,0,0,AFC,UEFA,0,-1.1819182811058546,0.30434782608695654,-171,14.69565217391304,0.08333333333333337,1.2023809523809523,Away Win,Training
WC-2002,2002,M-2002-37,2002-06-12,NGA,Nigeria,ENG,England,0,0,0.05555555555555558,0.24722222222222223,0.6916666666666667,-8,0,0.5,0,0,CAF,UEFA,0,-3.247210070529416,0.17391304347826098,-157,-6.565217391304348,-0.04166666666666674,0.3500000000000001,Draw,Training
WC-2002,2002,M-2002-38,2002-06-12,SWE,Sweden,ARG,Argentina,1,1,-0.1403508771929825,-0.01754385964912264,0.368421052631579,-3,-3,1,1,0,UEFA,CONMEBOL,0,-1.6084278189447367,-2.608695652173913,-149,-13.217391304347824,0.07037037037037042,0.19999999999999996,Draw,Training
WC-2002,2002,M-2002-39,2002-06-12,SVN,Slovenia,PRY,Paraguay,1,3,-0.26666666666666666,-1.2666666666666666,-1.8,-5,-2,0.5,0,0,UEFA,CONMEBOL,0,0.37103830015177053,-1.608695652173913,15,-2.3913043478260896,0.11111111111111105,0.4166666666666667,Away Win,Training
WC-2002,2002,M-2002-40,2002-06-12,ZAF,South Africa,ESP,Spain,2,3,-0.4,-0.5249999999999999,0.8,-9,0,0.5,0,0,CAF,UEFA,0,-0.3437788292711943,-0.34782608695652173,-319,4.60869565217391,0.08333333333333326,-0.875,Away Win,Training
WC-2002,2002,M-2002-41,2002-06-13,CRI,Costa Rica,BRA,Brazil,2,5,-0.16249999999999998,-1.1625,0.525,-15,-5,0,1,0,CONCACAF,CONMEBOL,0,0.7888581376662778,-1.4782608695652175,-112,11.913043478260871,0.15032679738562094,0.1633986928104575,Away Win,Training
WC-2002,2002,M-2002-42,2002-06-13,TUR,Turkey,CHN,China,3,0,0.3333333333333333,3.3333333333333335,3.6666666666666665,1,0,0.5,0,0,UEFA,AFC,0,1.3844002023628832,0,55,-10.60869565217391,-0.13095238095238093,-1.023809523809524,Home Win,Training
WC-2002,2002,M-2002-43,2002-06-13,ECU,Ecuador,HRV,Croatia,1,0,-0.7142857142857143,-1.5714285714285714,-0.7142857142857143,-1,-4,0.5,0,0,CONMEBOL,UEFA,0,-0.25140612445317245,-2.130434782608696,-155,6.695652173913043,-0.17592592592592593,-1.4583333333333333,Home Win,Training
WC-2002,2002,M-2002-44,2002-06-13,MEX,Mexico,ITA,Italy,1,1,-0.3595413595413596,-0.5368550368550369,1.0876330876330877,-3,-1,0,2,0,CONCACAF,UEFA,0,0.8349254530845478,-0.4782608695652175,-179,12.608695652173914,-0.20833333333333337,-0.25,Draw,Training
WC-2002,2002,M-2002-45,2002-06-14,BEL,Belgium,RUS,Russia,3,2,-0.052083333333333315,-1.0833333333333335,-0.25,9,1,0.5,0,0,UEFA,UEFA,0,1.6475909888998004,0.21739130434782605,36,-6.782608695652172,0,0.8,Home Win,Training
WC-2002,2002,M-2002-46,2002-06-14,TUN,Tunisia,JPN,Japan,0,2,0.16666666666666666,0.3333333333333333,-0.33333333333333326,1,0,0.5,0,-1,CAF,AFC,0,1.681516531262087,0.21739130434782605,-224,10.043478260869563,0.3666666666666667,2.3,Away Win,Training
WC-2002,2002,M-2002-47,2002-06-14,POL,Poland,USA,United States,3,1,0.2847058823529412,0.5011764705882353,-1.075294117647059,-1,-1,0.5,0,0,UEFA,CONCACAF,0,0.020236288426630722,-1.6956521739130435,-75,-24.304347826086957,0.11666666666666659,0.125,Home Win,Training
WC-2002,2002,M-2002-48,2002-06-14,PRT,Portugal,KOR,South Korea,0,1,0.6666666666666666,1.3253968253968256,-1.7380952380952384,-3,-1,0.5,0,-1,UEFA,AFC,0,1.1637056215218884,-1.391304347826087,244,-9.30434782608696,0.30000000000000004,2.6,Away Win,Training
WC-2002,2002,M-2002-49,2002-06-15,DEU,Germany,PRY,Paraguay,1,0,0.3102564102564102,0.8102564102564105,-0.47948717948717956,9,1,0.5,0,0,UEFA,CONMEBOL,0,-0.05178109097402128,-0.8695652173913044,141,-10.304347826086957,0.14444444444444438,0.36666666666666664,Home Win,Training
WC-2002,2002,M-2002-50,2002-06-15,DNK,Denmark,ENG,England,0,3,0.11111111111111116,0.7333333333333334,0.5111111111111111,-8,1,0.5,0,0,UEFA,UEFA,0,0.7990953188703394,-0.04347826086956519,-65,0.08695652173912904,0.02499999999999991,0.3500000000000001,Away Win,Training
WC-2002,2002,M-2002-51,2002-06-16,SWE,Sweden,SEN,Senegal,1,2,0.3684210526315789,1.736842105263158,1.5789473684210527,9,0,0.5,0,0,UEFA,CAF,0,1.990655596226528,0.5217391304347826,165,8.434782608695652,0.2333333333333334,0.3999999999999999,Away Win,Training
WC-2002,2002,M-2002-52,2002-06-16,ESP,Spain,IRL,Republic of Ireland,1,1,0.2888888888888889,1.0805555555555555,0.42222222222222217,8,1,0.5,0,0,UEFA,UEFA,0,-0.3660387465404895,0.08695652173913038,90,-15.434782608695652,0.08333333333333337,0.5416666666666667,Draw,Training
WC-2002,2002,M-2002-53,2002-06-17,MEX,Mexico,USA,United States,0,2,-0.019077901430842592,-0.004769475357710773,-0.20826709062003168,5,1,0.5,0,0,CONCACAF,CONCACAF,0,0.23009850310984348,-0.13043478260869557,21,-10.391304347826086,0.04166666666666663,0.5,Away Win,Training
WC-2002,2002,M-2002-54,2002-06-17,BRA,Brazil,BEL,Belgium,2,0,0.38125,0.9125000000000001,-0.775,6,4,0.5,0,0,CONMEBOL,UEFA,0,-2.7491593012528632,0.9130434782608696,28,4.173913043478262,-0.21111111111111114,-1.3222222222222224,Home Win,Training
WC-2002,2002,M-2002-55,2002-06-18,JPN,Japan,TUR,Turkey,0,1,-0.3333333333333333,-3,-2.333333333333333,0,1,0.5,0,1,AFC,UEFA,0,-2.239561943874058,0.6086956521739131,93,-10.391304347826086,-0.25,-1.3333333333333333,Away Win,Training
WC-2002,2002,M-2002-56,2002-06-18,KOR,South Korea,ITA,Italy,2,1,-0.5757575757575758,-0.8051948051948051,2.132034632034632,-9,-2,0,1,1,AFC,UEFA,0,-1.0228848614707005,-0.6521739130434785,-273,14.956521739130437,-0.33333333333333337,-1.625,Home Win,Training
WC-2002,2002,M-2002-57,2002-06-21,ENG,England,BRA,Brazil,1,2,-0.21805555555555556,-0.7847222222222223,-0.04166666666666663,-6,-3,0,3,0,UEFA,CONMEBOL,0,0.4662678927476698,-0.6086956521739131,59,-4.130434782608695,0.1527777777777778,0.4722222222222222,Away Win,Training
WC-2002,2002,M-2002-58,2002-06-21,DEU,Germany,USA,United States,1,0,0.34162895927601805,1.0180995475113124,-0.9147812971342384,8,2,1,1,0,UEFA,CONCACAF,0,-0.6110168734934369,-0.9565217391304348,62,-26.217391304347824,0.11666666666666659,-0.17500000000000004,Home Win,Training
WC-2002,2002,M-2002-59,2002-06-22,ESP,Spain,KOR,South Korea,0,0,0.4,0.7392857142857142,-1.8714285714285717,5,0,0.5,2,-1,UEFA,AFC,0,-0.019283992500671587,-0.30434782608695654,228,-24.043478260869566,0.33333333333333337,2.125,Draw,Training
WC-2002,2002,M-2002-60,2002-06-22,SEN,Senegal,TUR,Turkey,0,1,-0.3333333333333333,-3.3333333333333335,-3.6666666666666665,-1,0,0.5,0,0,CAF,UEFA,0,-2.805344760884445,0,-54,-12.695652173913043,-0.1166666666666667,-0.033333333333333215,Away Win,Training
WC-2002,2002,M-2002-61,2002-06-25,DEU,Germany,KOR,South Korea,1,0,0.5769230769230769,1.2912087912087915,-1.7509157509157511,9,2,1,1,-1,UEFA,AFC,0,1.0166949379519679,-0.6521739130434783,135,-18.17391304347826,0.19999999999999996,0.7,Home Win,Training
WC-2002,2002,M-2002-62,2002-06-26,BRA,Brazil,TUR,Turkey,1,0,0.32916666666666666,-1.1708333333333334,-2.6916666666666664,15,5,0.5,0,0,CONMEBOL,UEFA,0,-1.3380948129631278,1.608695652173913,110,-3.5217391304347814,-0.19444444444444442,-0.5555555555555555,Home Win,Training
WC-2002,2002,M-2002-63,2002-06-29,KOR,South Korea,TUR,Turkey,2,3,-0.3333333333333333,-2.547619047619048,-0.5952380952380949,4,1,0,1,1,AFC,UEFA,0,-0.9058714995684909,1.391304347826087,-21,10.521739130434785,-0.25,-1.3333333333333333,Away Win,Training
WC-2002,2002,M-2002-64,2002-06-30,DEU,Germany,BRA,Brazil,0,2,-0.0855769230769231,-0.085576923076923,0.3455128205128205,-2,-2,0.5,0,0,UEFA,CONMEBOL,0,1.4489182513466048,-0.8695652173913044,4,-4.130434782608695,0.14444444444444438,-0.07777777777777783,Away Win,Training
WC-2006,2006,M-2006-01,2006-06-09,DEU,Germany,CRI,Costa Rica,4,2,0.15966386554621853,0.784873949579832,-0.4672268907563024,13,4,0.5,0,1,UEFA,CONCACAF,0,-1.0250275273041112,1.3478260869565215,176,-6.826086956521735,-0.01851851851851849,-0.2777777777777778,Home Win,Training
WC-2006,2006,M-2006-02,2006-06-09,POL,Poland,ECU,Ecuador,0,2,0.16666666666666669,0.8333333333333334,-0.04761904761904745,5,0,0.5,0,0,UEFA,CONMEBOL,0,0.2281939112579252,-0.5652173913043479,123,-10.956521739130434,0.28148148148148155,1.577777777777778,Away Win,Training
WC-2006,2006,M-2006-03,2006-06-10,ENG,England,PRY,Paraguay,1,0,0.1768421052631579,0.04421052631578948,-0.8894736842105263,5,1,1,1,0,UEFA,CONMEBOL,0,-1.371425170371694,0,195,0,0.3148148148148149,1.2,Home Win,Training
WC-2006,2006,M-2006-04,2006-06-10,TTO,Trinidad and Tobago,SWE,Sweden,0,0,-0.35714285714285715,-1.6904761904761905,-1.5476190476190477,-10,-2,0.5,0,0,CONCACAF,UEFA,0,1.5145076332470317,-1.6956521739130435,-293,0.8260869565217419,-0.21666666666666667,-2.35,Draw,Training
WC-2006,2006,M-2006-05,2006-06-10,ARG,Argentina,CIV,Ivory Coast,2,1,0.5,1.7,1.1833333333333333,13,1,0.5,0,0,CONMEBOL,CAF,0,0.6645835193286302,0.6521739130434783,160,1.1304347826086953,-0.10370370370370363,-0.6333333333333334,Home Win,Training
WC-2006,2006,M-2006-06,2006-06-11,SCG,Serbia and Montenegro,NLD,Netherlands,0,1,-0.4375,-1.75,-1.125,-7,0,0.5,0,0,UEFA,UEFA,0,1.280480909442609,-0.39130434782608703,-197,1.7391304347826093,-0.15555555555555556,-0.5,Away Win,Training
WC-2006,2006,M-2006-07,2006-06-11,MEX,Mexico,IRN,Iran,3,1,0.07723577235772358,0.38211382113821146,-0.07317073170731714,10,2,0.5,0,0,CONCACAF,AFC,0,0.7508853376186657,1.2608695652173914,25,10.130434782608695,0.07407407407407407,1.3333333333333333,Home Win,Training
WC-2006,2006,M-2006-08,2006-06-11,AGO,Angola,PRT,Portugal,0,1,-0.5833333333333334,-2.0833333333333335,-1.3333333333333333,-3,-1,0.5,0,0,CAF,UEFA,0,-1.7240127369580094,-0.4782608695652174,-351,-15.086956521739133,-0.16666666666666674,-2,Away Win,Training
WC-2006,2006,M-2006-09,2006-06-12,AUS,Australia,JPN,Japan,3,1,-0.2857142857142857,-0.8571428571428571,0.6666666666666667,-1,-2,0.5,0,0,AFC,AFC,0,0.7369580097015174,-1.6521739130434783,11,-18.608695652173914,-0.16666666666666663,0.33333333333333326,Home Win,Training
WC-2006,2006,M-2006-10,2006-06-12,USA,United States,CZE,Czech Republic,0,3,0.2727272727272727,1.1363636363636365,2.0454545454545454,7,3,0.5,0,0,CONCACAF,UEFA,0,-0.23545516769336317,2,-136,7.782608695652172,-0.044973544973545,-0.45238095238095255,Away Win,Training
WC-2006,2006,M-2006-11,2006-06-12,ITA,Italy,GHA,Ghana,2,0,0.5571428571428572,1.5714285714285714,0.9571428571428572,15,2,0.5,0,0,UEFA,CAF,0,3.5694432044757924,1.7391304347826086,325,16.130434782608692,0.01666666666666672,-0.7666666666666667,Home Win,Training
WC-2006,2006,M-2006-12,2006-06-13,KOR,South Korea,TGO,Togo,2,1,0.14285714285714285,0.9047619047619048,2.3333333333333335,6,4,0.5,0,0,AFC,CAF,0,0.5363806802964035,2.739130434782609,239,21.565217391304348,-0.05555555555555558,-0.16666666666666663,Home Win,Training
WC-2006,2006,M-2006-13,2006-06-13,FRA,France,CHE,Switzerland,0,0,0.20454545454545459,0.4545454545454546,-0.9318181818181819,4,1,0.5,0,0,UEFA,UEFA,0,3.495521233223222,2.217391304347826,171,15.434782608695656,0.08333333333333326,0.2833333333333333,Draw,Training
WC-2006,2006,M-2006-14,2006-06-13,BRA,Brazil,HRV,Croatia,1,0,0.08965517241379317,0.8954022988505745,0.14252873563218382,15,5,0.5,0,0,CONMEBOL,UEFA,1,0.782549177156799,1.6956521739130435,197,11.043478260869563,-0.1703703703703704,-0.6000000000000001,Home Win,Training
WC-2006,2006,M-2006-15,2006-06-14,ESP,Spain,UKR,Ukraine,4,0,0.4222222222222222,1.5777777777777777,1.1777777777777778,11,3,0.5,0,0,UEFA,UEFA,0,-0.27830848436151356,1.0434782608695652,175,-4.478260869565219,-0.02777777777777779,0.7500000000000001,Home Win,Training
WC-2006,2006,M-2006-16,2006-06-14,TUN,Tunisia,SAU,Saudi Arabia,2,2,-0.0888888888888889,-0.14444444444444438,-1.2777777777777777,0,0,0.5,0,0,CAF,AFC,0,0.5040026188137965,-0.5217391304347827,122,-13.086956521739129,-0.18888888888888888,-0.23333333333333317,Draw,Training
WC-2006,2006,M-2006-17,2006-06-14,DEU,Germany,POL,Poland,1,0,0.08823529411764708,0.5705882352941178,-0.038655462184874034,9,4,0.5,2,1,UEFA,UEFA,0,-0.3017587715382568,1.8695652173913042,76,8.39130434782609,-0.30000000000000004,-1.8,Home Win,Training
WC-2006,2006,M-2006-18,2006-06-15,ECU,Ecuador,CRI,Costa Rica,3,0,-0.09523809523809523,-0.6190476190476192,-0.38095238095238093,-1,0,0.5,0,0,CONMEBOL,CONCACAF,0,-0.9514626670237796,0.0434782608695653,-23,-4.260869565217391,0,-0.05555555555555558,Home Win,Training
WC-2006,2006,M-2006-19,2006-06-15,ENG,England,TTO,Trinidad and Tobago,2,0,0.44,1.36,0.9,11,3,0.5,0,0,UEFA,CONCACAF,0,-3.7647829062881293,1.9130434782608696,406,-8.130434782608695,0.25,0.95,Home Win,Training
WC-2006,2006,M-2006-20,2006-06-15,SWE,Sweden,PRY,Paraguay,1,0,0.09398496240601506,0.37468671679197985,-0.24185463659147866,4,0,0,1,0,UEFA,CONMEBOL,0,0.8788501026694036,-0.21739130434782616,82,7.304347826086953,0.28148148148148155,2.6,Home Win,Training
WC-2006,2006,M-2006-21,2006-06-16,ARG,Argentina,SCG,Serbia and Montenegro,6,0,0.5,1.7,1.1833333333333333,13,1,0.5,0,0,CONMEBOL,UEFA,0,-1.6923488974198726,0.4347826086956522,123,-2.695652173913043,-0.10370370370370363,-0.8333333333333334,Home Win,Training
WC-2006,2006,M-2006-22,2006-06-16,NLD,Netherlands,CIV,Ivory Coast,2,1,0.4375,1.75,1.125,7,0,0.5,0,0,UEFA,CAF,0,1.0764515073058938,0.6086956521739131,234,2.086956521739129,0.15555555555555556,0.7,Home Win,Training
WC-2006,2006,M-2006-23,2006-06-16,MEX,Mexico,AGO,Angola,0,0,0.24390243902439024,1.048780487804878,1.9268292682926829,12,2,0.5,0,0,CONCACAF,CAF,0,1.183584798976284,1.5217391304347827,273,27.56521739130435,0.18518518518518523,2.6666666666666665,Draw,Training
WC-2006,2006,M-2006-24,2006-06-17,PRT,Portugal,IRN,Iran,2,0,0.41666666666666674,1.416666666666667,-0.6666666666666667,1,1,0.5,0,0,UEFA,AFC,0,1.291313275600391,0.2173913043478261,103,-2.3478260869565233,0.05555555555555558,0.6666666666666667,Home Win,Training
WC-2006,2006,M-2006-25,2006-06-17,CZE,Czech Republic,GHA,Ghana,0,2,0,0,0,0,0,0.5,0,0,UEFA,CAF,0,3.7368092134630864,0,354,20.217391304347824,0.0357142857142857,0.11904761904761907,Away Win,Training
WC-2006,2006,M-2006-26,2006-06-17,ITA,Italy,USA,United States,1,1,0.28441558441558445,0.43506493506493493,-1.0883116883116881,8,-1,1,2,0,UEFA,CONCACAF,0,0.06808915870606924,-0.26086956521739135,107,-11.869565217391305,0.02592592592592602,-0.43333333333333324,Draw,Training
WC-2006,2006,M-2006-27,2006-06-18,JPN,Japan,HRV,Croatia,0,0,-0.3142857142857143,-0.44285714285714295,0.19999999999999996,0,1,0,1,0,AFC,UEFA,0,-0.22009939588727434,0.34782608695652173,-48,12.869565217391305,0.11666666666666659,0.06666666666666665,Draw,Training
WC-2006,2006,M-2006-28,2006-06-18,BRA,Brazil,AUS,Australia,2,0,0.6896551724137931,2.1954022988505746,-0.7241379310344829,16,6,0.5,0,0,CONMEBOL,AFC,1,0.2656905633425559,3,234,16.782608695652172,-0.12037037037037035,-1,Home Win,Training
WC-2006,2006,M-2006-29,2006-06-18,FRA,France,KOR,South Korea,1,1,0.33441558441558444,1.04978354978355,-0.946969696969697,5,-3,0.5,0,0,UEFA,AFC,0,2.647620748147485,-0.5217391304347827,240,-3.782608695652172,0,0.2833333333333333,Draw,Training
WC-2006,2006,M-2006-30,2006-06-19,TGO,Togo,CHE,Switzerland,0,2,-0.2727272727272727,-1.5,-2.3181818181818183,-7,0,0.5,0,0,CAF,UEFA,0,0.3115198047793335,0,-308,-2.3478260869565197,0.13888888888888884,0.16666666666666663,Away Win,Training
WC-2006,2006,M-2006-31,2006-06-19,SAU,Saudi Arabia,UKR,Ukraine,0,4,0.2,0.7,2.5,3,1,0.5,0,0,AFC,UEFA,0,0.4817427015445048,1.5217391304347827,-207,14.043478260869563,0.19444444444444442,0.9166666666666666,Away Win,Training
WC-2006,2006,M-2006-32,2006-06-19,ESP,Spain,TUN,Tunisia,3,1,0.3111111111111111,1.0222222222222221,-0.04444444444444451,8,2,0.5,0,0,UEFA,CAF,0,-1.2640538047198149,0.04347826086956519,260,-5.434782608695652,-0.033333333333333326,0.06666666666666665,Home Win,Training
WC-2006,2006,M-2006-33,2006-06-20,CRI,Costa Rica,POL,Poland,1,2,-0.07142857142857145,-0.2142857142857142,0.4285714285714284,-4,0,0.5,0,0,CONCACAF,UEFA,0,0.7232687557658544,0.5217391304347825,-100,15.217391304347824,-0.28148148148148155,-1.5222222222222221,Away Win,Training
WC-2006,2006,M-2006-34,2006-06-20,ECU,Ecuador,DEU,Germany,0,3,-0.25490196078431376,-1.4039215686274513,0.08627450980392148,-14,-4,0.5,0,-1,CONMEBOL,UEFA,0,0.0735648602803316,-1.3043478260869563,-199,2.565217391304344,0.01851851851851849,0.2222222222222222,Away Win,Training
WC-2006,2006,M-2006-35,2006-06-20,PRY,Paraguay,TTO,Trinidad and Tobago,2,0,0.2631578947368421,1.3157894736842106,1.7894736842105263,6,2,0.5,0,0,CONMEBOL,CONCACAF,0,-2.3933577359164353,1.9130434782608696,211,-8.130434782608695,-0.06481481481481488,-0.25,Home Win,Training
WC-2006,2006,M-2006-36,2006-06-20,SWE,Sweden,ENG,England,2,2,-0.08285714285714285,0.33047619047619037,0.6476190476190476,-1,-1,0,1,0,UEFA,UEFA,0,2.2502752730410975,-0.21739130434782616,-113,7.304347826086953,-0.033333333333333326,1.4000000000000001,Draw,Training
WC-2006,2006,M-2006-37,2006-06-21,IRN,Iran,AGO,Angola,1,1,0.16666666666666666,0.6666666666666666,2,2,0,0.5,0,0,AFC,CAF,0,0.4326994613576183,0.2608695652173913,248,17.434782608695656,0.11111111111111116,1.3333333333333333,Draw,Training
WC-2006,2006,M-2006-38,2006-06-21,PRT,Portugal,MEX,Mexico,2,1,0.33943089430894313,1.0345528455284554,-0.5934959349593496,-9,-1,0.5,0,0,UEFA,CONCACAF,0,0.5404279379817254,-1.0434782608695654,78,-12.478260869565219,-0.01851851851851849,-0.6666666666666665,Home Win,Training
WC-2006,2006,M-2006-39,2006-06-21,CIV,Ivory Coast,SCG,Serbia and Montenegro,3,2,0,0,0,0,0,0.5,0,0,CAF,UEFA,0,-2.356932416748503,-0.21739130434782608,-37,-3.8260869565217384,0,-0.19999999999999996,Home Win,Training
WC-2006,2006,M-2006-40,2006-06-21,NLD,Netherlands,ARG,Argentina,0,0,-0.0625,0.050000000000000044,-0.05833333333333335,-6,-1,0.6666666666666666,3,0,UEFA,CONMEBOL,0,0.41186798797726354,-0.04347826086956519,74,0.9565217391304337,0.2592592592592592,1.3333333333333335,Draw,Training
WC-2006,2006,M-2006-41,2006-06-22,CZE,Czech Republic,ITA,Italy,0,2,-0.5571428571428572,-1.5714285714285714,-0.9571428571428572,-15,-2,0.5,0,0,UEFA,UEFA,0,0.16736600898729392,-1.7391304347826086,29,4.086956521739133,0.01904761904761898,0.8857142857142858,Away Win,Training
WC-2006,2006,M-2006-42,2006-06-22,GHA,Ghana,USA,United States,2,1,-0.2727272727272727,-1.1363636363636365,-2.0454545454545454,-7,-3,0.5,0,0,CAF,CONCACAF,0,-3.501354045769723,-2,-218,-27.999999999999996,0.0092592592592593,0.3333333333333335,Home Win,Training
WC-2006,2006,M-2006-43,2006-06-22,HRV,Croatia,AUS,Australia,2,2,0.6,1.3,-0.8666666666666667,1,1,0.5,0,0,UEFA,AFC,0,-0.516858613814243,1.3043478260869565,37,5.739130434782609,0.050000000000000044,-0.3999999999999999,Draw,Training
WC-2006,2006,M-2006-44,2006-06-22,JPN,Japan,BRA,Brazil,1,4,-0.40394088669950745,-1.3382594417077174,0.05747126436781613,-15,-4,0.5,0,0,AFC,CONMEBOL,-1,-1.0026485730440733,-1.3478260869565217,-245,1.826086956521742,0.287037037037037,0.6666666666666667,Away Win,Training
WC-2006,2006,M-2006-45,2006-06-23,SAU,Saudi Arabia,ESP,Spain,0,1,-0.2222222222222222,-0.8777777777777778,1.3222222222222222,-8,-2,0.5,0,0,AFC,UEFA,0,0.7600511859060184,0.4782608695652175,-382,18.52173913043478,0.2222222222222222,0.16666666666666652,Away Win,Training
WC-2006,2006,M-2006-46,2006-06-23,UKR,Ukraine,TUN,Tunisia,1,0,-0.1111111111111111,-0.5555555555555556,-1.2222222222222223,-3,-1,0.5,0,0,UEFA,CAF,0,-0.9857453203583013,-1,85,-0.9565217391304337,-0.005555555555555536,-0.6833333333333335,Home Win,Training
WC-2006,2006,M-2006-47,2006-06-23,CHE,Switzerland,KOR,South Korea,2,0,0.12987012987012986,0.5952380952380952,-0.015151515151515138,1,-4,0.5,0,0,UEFA,AFC,0,-0.847900485075737,-2.739130434782609,69,-19.217391304347828,-0.08333333333333326,0,Home Win,Training
WC-2006,2006,M-2006-48,2006-06-23,TGO,Togo,FRA,France,0,2,-0.4772727272727273,-1.9545454545454546,-1.3863636363636365,-11,-1,0.5,0,0,CAF,UEFA,0,-3.1840014284438887,-2.217391304347826,-479,-17.782608695652176,0.05555555555555558,-0.1166666666666667,Away Win,Training
WC-2006,2006,M-2006-49,2006-06-24,DEU,Germany,SWE,Sweden,2,0,0.23109243697478993,0.3801120448179274,-0.3005602240896359,5,3,0.6666666666666666,3,1,UEFA,UEFA,0,-1.1909650924024646,0.5652173913043477,38,-7.173913043478258,-0.30000000000000004,-2.6,Home Win,Training
WC-2006,2006,M-2006-50,2006-06-24,ARG,Argentina,MEX,Mexico,2,1,0.25609756097560976,0.6512195121951219,-0.7434959349593495,1,-1,1,1,0,CONMEBOL,CONCACAF,0,-1.253935660506503,-0.8695652173913044,85,-22.695652173913047,-0.2222222222222222,-2.5,Home Win,Training
WC-2006,2006,M-2006-51,2006-06-25,ENG,England,ECU,Ecuador,1,0,0.10666666666666669,0.6933333333333335,-0.43333333333333324,10,2,0.5,0,0,UEFA,CONMEBOL,0,-1.1328750409189645,0.9565217391304348,274,-2.6956521739130395,0.3148148148148149,0.9777777777777777,Home Win,Training
WC-2006,2006,M-2006-52,2006-06-25,PRT,Portugal,NLD,Netherlands,1,0,0.14583333333333337,0.3333333333333335,0.20833333333333326,-4,1,0.5,0,0,UEFA,UEFA,0,1.382495610510965,-0.13043478260869568,-81,9.260869565217394,-0.05555555555555547,0.5,Home Win,Training
WC-2006,2006,M-2006-53,2006-06-26,ITA,Italy,AUS,Australia,1,0,0.5571428571428572,1.5714285714285714,-0.7095238095238096,14,2,0.5,0,0,UEFA,AFC,0,0.23009850310983992,1.7391304347826086,143,5.913043478260867,0.01666666666666672,-1.1,Home Win,Training
WC-2006,2006,M-2006-54,2006-06-26,CHE,Switzerland,UKR,Ukraine,0,0,0.2727272727272727,1.5,2.3181818181818183,7,0,0.5,0,0,UEFA,UEFA,0,-0.7999285778055523,0,9,-6.347826086956523,-0.11111111111111105,0,Draw,Training
WC-2006,2006,M-2006-55,2006-06-27,BRA,Brazil,GHA,Ghana,3,0,0.6896551724137931,2.1954022988505746,0.9425287356321839,17,6,0.5,0,0,CONMEBOL,CAF,1,3.6050352647085084,3,416,26.999999999999996,-0.12037037037037035,-0.6666666666666667,Home Win,Training
WC-2006,2006,M-2006-56,2006-06-27,ESP,Spain,FRA,France,1,3,-0.05505050505050507,-0.37676767676767686,-0.20858585858585865,0,2,0.5,0,0,UEFA,UEFA,0,-2.9739011397791835,-1.173913043478261,-5,-13.565217391304351,0,0.4666666666666668,Away Win,Training
WC-2006,2006,M-2006-57,2006-06-30,DEU,Germany,ARG,Argentina,1,1,0.08823529411764708,0.3705882352941179,0.06372549019607843,2,4,0.5,4,1,UEFA,CONMEBOL,0,0.255810493110733,1.6086956521739129,-25,7.956521739130437,-0.12962962962962965,-0.6666666666666666,Draw,Training
WC-2006,2006,M-2006-58,2006-06-30,ITA,Italy,UKR,Ukraine,3,0,0.5571428571428572,1.5714285714285714,0.9571428571428572,15,2,0.5,0,0,UEFA,UEFA,0,2.2750349671160315,1.7391304347826086,153,3.173913043478258,0.0722222222222223,-0.016666666666666607,Home Win,Training
WC-2006,2006,M-2006-59,2006-07-01,ENG,England,PRT,Portugal,0,0,-0.14333333333333337,-0.7233333333333334,-0.43333333333333324,8,2,0.5,2,0,UEFA,UEFA,0,-2.5978632860161284,1.4347826086956523,57,-2.391304347826086,0,-1.3,Draw,Training
WC-2006,2006,M-2006-60,2006-07-01,BRA,Brazil,FRA,France,0,1,0.21238244514106586,0.24085684430512,-0.4438349007314526,6,5,0.3333333333333333,3,0,CONMEBOL,UEFA,1,-0.3849656280689224,0.7826086956521738,64,4.95652173913043,-0.03703703703703698,-0.19999999999999996,Away Win,Training
WC-2006,2006,M-2006-61,2006-07-04,DEU,Germany,ITA,Italy,0,2,0.031092436974789917,0.49915966386554644,0.2899159663865546,0,3,0,4,1,UEFA,UEFA,0,-1.8735231973335722,0.5217391304347825,-46,-0.6956521739130395,-0.2666666666666667,-0.9,Away Win,Training
WC-2006,2006,M-2006-62,2006-07-05,PRT,Portugal,FRA,France,0,1,0.10606060606060608,0.1287878787878789,-0.053030303030303205,-8,0,0.5,0,0,UEFA,UEFA,0,-0.7555277802577152,-1.7391304347826089,-55,-4.347826086956523,0.16666666666666674,1.3,Away Win,Training
WC-2006,2006,M-2006-63,2006-07-08,DEU,Germany,PRT,Portugal,3,1,0.004901960784313708,-0.012745098039215641,-0.08627450980392148,12,4,0.5,0,1,UEFA,UEFA,0,-1.5385531053774955,1.7826086956521738,-18,-2.2608695652173907,-0.33333333333333337,-2.5,Home Win,Training
WC-2006,2006,M-2006-64,2006-07-09,ITA,Italy,FRA,France,1,1,0.07987012987012987,-0.3831168831168832,-0.4292207792207793,4,1,0.5,4,0,UEFA,UEFA,0,-0.4205576883016384,-0.4782608695652175,-27,-5.9130434782608745,0.10000000000000009,-0.29999999999999993,Draw,Training
WC-2010,2010,M-2010-01,2010-06-11,ZAF,South Africa,MEX,Mexico,1,1,-0.07777777777777778,0.2666666666666666,-0.03333333333333344,-11,-2,0.5,0,1,CAF,CONCACAF,0,-0.2589054548700993,-1.391304347826087,-305,-10.782608695652172,-0.14814814814814814,-1,Draw,Training
WC-2010,2010,M-2010-02,2010-06-11,URY,Uruguay,FRA,France,0,0,-0.11519607843137253,-0.23774509803921573,0.17009803921568634,-2,-5,0.5,2,0,CONMEBOL,UEFA,0,-0.9778888789691393,-2,-19,-7.60869565217391,-0.22777777777777775,-0.38333333333333336,Draw,Training
WC-2010,2010,M-2010-03,2010-06-12,KOR,South Korea,GRC,Greece,2,0,0.16666666666666666,0.9166666666666666,-1.125,6,1,0.5,0,0,AFC,UEFA,0,-0.5044787667767743,2.391304347826087,29,14.04347826086957,0,0.15476190476190477,Home Win,Training
WC-2010,2010,M-2010-04,2010-06-12,ARG,Argentina,NGA,Nigeria,1,0,0.14405594405594402,0.4657342657342658,-0.31608391608391617,11,3,1,2,0,CONMEBOL,CAF,0,1.3697586525012646,1.0869565217391306,205,-1.4782608695652186,-0.3148148148148149,-1.0833333333333333,Home Win,Training
WC-2010,2010,M-2010-05,2010-06-12,ENG,England,USA,United States,1,1,0.21454545454545454,0.2654545454545454,-1.1854545454545455,4,2,0,1,0,UEFA,CONCACAF,0,1.6599708359372656,1.217391304347826,215,0.30434782608695343,0.14074074074074072,1.3555555555555554,Draw,Training
WC-2010,2010,M-2010-06,2010-06-13,DZA,Algeria,SVN,Slovenia,0,1,0.3333333333333333,0.33333333333333337,-0.6666666666666667,1,0,0.5,0,0,CAF,UEFA,0,-0.4963842514061234,0,-145,-1.6521739130434803,0.02777777777777779,-0.47435897435897445,Away Win,Training
WC-2010,2010,M-2010-07,2010-06-13,SRB,Serbia,GHA,Ghana,0,1,-0.5,-1,-1.5,-1,-2,0.5,0,0,UEFA,CAF,0,1.715323036633631,-0.9130434782608696,152,0.608695652173914,0.03888888888888886,0.3999999999999999,Away Win,Training
WC-2010,2010,M-2010-08,2010-06-13,DEU,Germany,AUS,Australia,4,0,0.4549689440993789,1.3509316770186333,-0.35403726708074523,14,2,1,1,0,UEFA,AFC,0,-3.6738386453590444,0.30434782608695654,182,-6.260869565217394,0.1523809523809524,1.0285714285714287,Home Win,Training
WC-2010,2010,M-2010-09,2010-06-14,NLD,Netherlands,DNK,Denmark,2,0,-0.09401709401709402,-0.20726495726495742,-0.329059829059829,5,2,0.5,0,0,UEFA,UEFA,0,-0.19450644287712393,0.4782608695652173,267,-0.6521739130434838,0.30000000000000004,0.7749999999999999,Home Win,Training
WC-2010,2010,M-2010-10,2010-06-14,JPN,Japan,CMR,Cameroon,1,0,-0.03529411764705881,-0.08235294117647052,-0.3058823529411765,-2,1,0.5,0,0,AFC,CAF,0,2.6619051870368686,0.4347826086956521,-14,18.130434782608695,-0.13888888888888895,-0.5833333333333333,Home Win,Training
WC-2010,2010,M-2010-11,2010-06-14,ITA,Italy,PRY,Paraguay,1,1,0.2987012987012987,0.3571428571428572,-0.7402597402597404,9,5,1,1,0,UEFA,CONMEBOL,1,-0.008689700324374883,1.391304347826087,172,2.0434782608695627,0.18888888888888888,0.6555555555555557,Draw,Training
WC-2010,2010,M-2010-12,2010-06-15,NZL,New Zealand,SVK,Slovakia,1,1,0,0.6666666666666666,4,1,0,0.5,0,0,OFC,UEFA,0,1.337261554027915,0,-142,-3.0434782608695627,-0.06666666666666665,-0.7,Draw,Training
WC-2010,2010,M-2010-13,2010-06-15,CIV,Ivory Coast,PRT,Portugal,0,0,-0.24561403508771934,-0.01754385964912264,0.894736842105263,-3,-3,0.5,0,0,CAF,UEFA,0,-1.169895545040621,-0.6521739130434783,-135,4.260869565217391,0.08333333333333337,0.75,Draw,Training
WC-2010,2010,M-2010-14,2010-06-15,BRA,Brazil,PRK,North Korea,2,1,0.44565217391304346,0.9347826086956523,-1.3369565217391304,17,3,0.5,0,0,CONMEBOL,AFC,0,3.9669077165729263,1.9130434782608696,572,14.956521739130437,0.00462962962962965,0.4097222222222223,Home Win,Training
WC-2010,2010,M-2010-15,2010-06-16,HND,Honduras,CHL,Chile,0,1,-0.28,-0.5733333333333334,-0.6000000000000001,-6,0,0.5,0,0,CONCACAF,CONMEBOL,0,1.9787518971520406,0,-172,17.56521739130435,-0.0185185185185186,0.2222222222222222,Away Win,Training
WC-2010,2010,M-2010-16,2010-06-16,ESP,Spain,CHE,Switzerland,0,1,0.14128728414442698,0.2095761381475667,-0.7982731554160125,4,0,1,2,0,UEFA,UEFA,0,-0.7958813201202268,0.9999999999999999,350,10.869565217391301,0.30000000000000004,1.2999999999999998,Away Win,Training
WC-2010,2010,M-2010-17,2010-06-16,ZAF,South Africa,URY,Uruguay,0,3,-0.20833333333333334,-0.29166666666666674,0.4083333333333332,-8,0,0.5,0,1,CAF,CONMEBOL,0,0.22902717019313812,0.17391304347826086,-250,9.521739130434785,0.033333333333333326,-0.45,Away Win,Training
WC-2010,2010,M-2010-18,2010-06-17,ARG,Argentina,KOR,South Korea,4,1,0.34102564102564104,0.8217948717948719,-1.069871794871795,7,2,1,1,0,CONMEBOL,AFC,0,0.036782430140164024,-0.8695652173913042,156,-20.260869565217394,-0.14814814814814814,-0.9047619047619048,Home Win,Training
WC-2010,2010,M-2010-19,2010-06-17,GRC,Greece,NGA,Nigeria,2,1,-0.36363636363636365,-1.2727272727272727,1.878787878787879,-2,0,0,1,0,UEFA,CAF,0,1.8374549891378749,-0.43478260869565216,20,4.739130434782606,-0.16666666666666674,-0.33333333333333337,Home Win,Training
WC-2010,2010,M-2010-20,2010-06-17,FRA,France,MEX,Mexico,0,2,0.2457516339869281,0.7960784313725491,-0.611764705882353,-1,3,0.6666666666666666,3,0,UEFA,CONCACAF,0,0.4899562539059019,0.4347826086956521,-36,-12.695652173913047,0.04629629629629628,-0.16666666666666663,Away Win,Training
WC-2010,2010,M-2010-21,2010-06-18,DEU,Germany,SRB,Serbia,0,1,0.5978260869565217,2.0652173913043477,1.2173913043478262,16,4,0.5,0,0,UEFA,UEFA,0,-1.0837127637413317,1.7391304347826086,117,2.304347826086957,0.13333333333333341,0.7000000000000002,Away Win,Training
WC-2010,2010,M-2010-22,2010-06-18,SVN,Slovenia,USA,United States,2,2,-0.24,-0.41333333333333344,0.29333333333333345,-7,-1,0.5,0,0,UEFA,CONCACAF,0,-0.08023093176204554,-1.0434782608695652,-99,-12.73913043478261,-0.12037037037037046,-0.2777777777777777,Draw,Training
WC-2010,2010,M-2010-23,2010-06-18,ENG,England,DZA,Algeria,0,0,0.12121212121212122,0.34545454545454546,-0.8121212121212122,10,3,0.5,0,0,UEFA,CAF,0,2.2365860191054345,2.260869565217391,459,14.695652173913043,0.2333333333333334,2.1076923076923073,Draw,Training
WC-2010,2010,M-2010-24,2010-06-19,NLD,Netherlands,JPN,Japan,1,0,0.2444444444444444,0.8388888888888888,-0.34444444444444433,5,1,0.5,0,0,UEFA,AFC,0,-0.14391572181055068,0.5652173913043479,364,-11.826086956521742,0.33333333333333337,0.875,Home Win,Training
WC-2010,2010,M-2010-25,2010-06-19,GHA,Ghana,AUS,Australia,1,1,0.35714285714285715,0.2857142857142857,-0.0714285714285714,-1,0,0.5,0,0,CAF,AFC,0,-4.305448918251344,-0.5217391304347825,-87,-9.173913043478265,-0.019841269841269882,-0.0714285714285714,Draw,Training
WC-2010,2010,M-2010-26,2010-06-19,CMR,Cameroon,DNK,Denmark,1,2,-0.3031674208144796,-0.9638009049773757,0.3212669683257918,2,0,0.5,0,0,CAF,UEFA,0,-2.712495908103442,-0.5217391304347827,-83,-6.956521739130437,0.10555555555555562,0.48333333333333317,Away Win,Training
WC-2010,2010,M-2010-27,2010-06-20,SVK,Slovakia,PRY,Paraguay,0,2,-0.2727272727272727,-1.2272727272727273,-1.6363636363636365,-7,-1,0.5,0,0,UEFA,CONMEBOL,0,-2.210874029104545,-1.608695652173913,-94,-8.956521739130437,0.12222222222222212,0.7555555555555555,Away Win,Training
WC-2010,2010,M-2010-28,2010-06-20,ITA,Italy,NZL,New Zealand,1,1,0.5714285714285714,0.9177489177489179,-3.103896103896104,15,6,0.5,0,0,UEFA,OFC,1,0.8649227747522552,3,408,14.043478260869563,0.13333333333333341,0.6000000000000001,Draw,Training
WC-2010,2010,M-2010-29,2010-06-20,BRA,Brazil,CIV,Ivory Coast,3,1,0.36231884057971014,0.5181159420289856,-1.0869565217391304,17,2,0.5,0,0,CONMEBOL,CAF,0,2.0868374847483864,0.9130434782608696,369,5.3043478260869605,-0.14814814814814814,-0.6944444444444444,Home Win,Training
WC-2010,2010,M-2010-30,2010-06-21,PRT,Portugal,PRK,North Korea,7,0,0.32894736842105265,0.4342105263157894,-1.144736842105263,3,4,1,1,0,UEFA,AFC,0,3.049965776865161,1.6521739130434783,338,5.391304347826086,0.06944444444444442,0.35416666666666674,Home Win,Training
WC-2010,2010,M-2010-31,2010-06-21,CHL,Chile,CHE,Switzerland,1,0,-0.027692307692307683,-0.18307692307692314,-0.36153846153846136,-1,-2,1,1,0,CONMEBOL,UEFA,0,-0.7898104335922369,-0.8260869565217391,125,-2.7826086956521756,-0.0888888888888888,-0.4444444444444444,Home Win,Training
WC-2010,2010,M-2010-32,2010-06-21,ESP,Spain,HND,Honduras,2,0,0.4489795918367347,0.9659863945578232,0.16326530612244894,11,2,0,1,0,UEFA,CONCACAF,0,-1.9848227836800305,1.826086956521739,397,-3.9130434782608745,0.40740740740740744,1.5222222222222221,Home Win,Training
WC-2010,2010,M-2010-33,2010-06-22,FRA,France,ZAF,South Africa,1,2,0.32352941176470584,0.5294117647058825,-0.5784313725490196,10,5,1,1,-1,UEFA,CAF,0,0.7488617087760012,1.826086956521739,269,-1.9130434782608745,0.19444444444444442,0.8333333333333334,Away Win,Training
WC-2010,2010,M-2010-34,2010-06-22,MEX,Mexico,URY,Uruguay,0,1,-0.13055555555555556,-0.5583333333333333,0.44166666666666665,3,2,0,1,0,CONCACAF,CONMEBOL,0,0.4879326250632374,1.5652173913043477,55,20.304347826086957,0.18148148148148147,0.55,Away Win,Training
WC-2010,2010,M-2010-35,2010-06-22,GRC,Greece,ARG,Argentina,0,2,-0.5076923076923077,-1.7384615384615385,2.194871794871795,-13,-3,0,1,0,UEFA,CONMEBOL,0,0.46769633663661025,-1.5217391304347827,-185,6.217391304347824,0.14814814814814814,0.75,Away Win,Training
WC-2010,2010,M-2010-36,2010-06-22,NGA,Nigeria,KOR,South Korea,2,2,0.196969696969697,0.3560606060606061,-0.7537878787878789,-4,-1,0.5,0,0,CAF,AFC,0,-1.3329762223611006,-1.9565217391304348,-49,-18.782608695652176,0.16666666666666674,0.1785714285714286,Draw,Training
WC-2010,2010,M-2010-37,2010-06-23,SVN,Slovenia,ENG,England,0,1,-0.45454545454545453,-0.6787878787878788,1.478787878787879,-11,-3,0.5,0,0,UEFA,UEFA,0,-1.7402017676993111,-2.260869565217391,-314,-13.043478260869563,-0.2611111111111112,-1.633333333333333,Away Win,Training
WC-2010,2010,M-2010-38,2010-06-23,USA,United States,DZA,Algeria,1,0,-0.09333333333333332,0.08000000000000007,0.3733333333333333,6,1,0.5,0,0,CONCACAF,CAF,0,0.576615183168169,1.0434782608695652,244,14.39130434782609,0.09259259259259267,0.7521367521367521,Home Win,Training
WC-2010,2010,M-2010-39,2010-06-23,AUS,Australia,SRB,Serbia,2,1,0.14285714285714285,0.7142857142857143,1.5714285714285714,2,2,0.5,0,0,AFC,UEFA,0,2.5901258816177126,1.434782608695652,-65,8.565217391304351,-0.01904761904761898,-0.3285714285714285,Home Win,Training
WC-2010,2010,M-2010-40,2010-06-23,GHA,Ghana,DEU,Germany,0,1,-0.09782608695652173,-1.0652173913043477,0.28260869565217384,-15,-2,0.5,0,0,CAF,UEFA,0,-0.6316102728922992,-0.826086956521739,-269,-2.913043478260871,-0.17222222222222228,-1.1,Away Win,Training
WC-2010,2010,M-2010-41,2010-06-24,PRY,Paraguay,NZL,New Zealand,0,0,0.2727272727272727,0.5606060606060607,-2.3636363636363633,6,1,0.5,0,0,CONMEBOL,OFC,0,0.8736124750766301,1.608695652173913,236,12,-0.05555555555555547,-0.05555555555555558,Draw,Training
WC-2010,2010,M-2010-42,2010-06-24,SVK,Slovakia,ITA,Italy,3,2,-0.5714285714285714,-1.5844155844155845,-0.8961038961038961,-16,-6,0.5,0,0,UEFA,UEFA,-1,-2.20218432878017,-3,-266,-11,-0.06666666666666676,0.09999999999999987,Home Win,Training
WC-2010,2010,M-2010-43,2010-06-24,CMR,Cameroon,NLD,Netherlands,1,2,-0.2091503267973856,-0.7565359477124183,0.6503267973856208,-3,-2,0.5,0,0,CAF,UEFA,0,-2.517989465226318,-1,-350,-6.304347826086953,-0.19444444444444442,-0.29166666666666674,Away Win,Training
WC-2010,2010,M-2010-44,2010-06-24,DNK,Denmark,JPN,Japan,1,3,0.3384615384615384,1.0461538461538462,-0.01538461538461533,0,-1,0.5,0,0,UEFA,AFC,0,0.05059072106657325,0.0869565217391306,97,-11.173913043478258,0.033333333333333326,0.10000000000000009,Away Win,Training
WC-2010,2010,M-2010-45,2010-06-25,PRK,North Korea,CIV,Ivory Coast,0,3,-0.08333333333333331,-0.41666666666666674,0.25,0,-1,0.5,0,0,AFC,CAF,0,-1.88007023182454,-1,-203,-9.652173913043477,-0.1527777777777778,-1.1041666666666667,Away Win,Training
WC-2010,2010,M-2010-46,2010-06-25,PRT,Portugal,BRA,Brazil,0,0,-0.1167048054919908,-0.500572082379863,0.19221967963386744,-14,1,1,1,0,UEFA,CONMEBOL,0,-0.9169419397077654,-0.26086956521739135,-234,-9.565217391304351,0.06481481481481477,-0.05555555555555558,Draw,Training
WC-2010,2010,M-2010-47,2010-06-25,CHL,Chile,ESP,Spain,1,2,-0.16897959183673467,-0.39265306122448984,0.43673469387755115,-5,-2,0,1,0,CONMEBOL,UEFA,0,0.006070886527989927,-1.826086956521739,-225,-13.652173913043477,-0.38888888888888884,-1.7444444444444442,Away Win,Training
WC-2010,2010,M-2010-48,2010-06-25,CHE,Switzerland,HND,Honduras,0,0,0.3076923076923077,0.7564102564102565,0.9615384615384615,7,2,0.5,0,0,UEFA,CONCACAF,0,-1.1889414635598037,0.8260869565217391,47,-14.782608695652176,0.1074074074074074,0.2222222222222222,Draw,Training
WC-2010,2010,M-2010-49,2010-06-26,URY,Uruguay,KOR,South Korea,2,1,0.20833333333333334,0.7083333333333334,-0.7833333333333334,3,-1,1,1,0,CONMEBOL,AFC,0,-0.4984078802487879,-2.217391304347826,79,-21.65217391304348,-0.19999999999999996,-0.6214285714285714,Home Win,Training
WC-2010,2010,M-2010-50,2010-06-26,USA,United States,GHA,Ghana,1,2,-0.26,0.08000000000000007,0.54,7,-1,0,1,0,CONCACAF,CAF,0,2.5546528583757393,-0.21739130434782616,97,11.695652173913047,0.06481481481481488,0.4444444444444444,Away Win,Training
WC-2010,2010,M-2010-51,2010-06-27,DEU,Germany,ENG,England,4,1,0.1432806324110672,0.7197628458498022,0.36284584980237167,4,1,0.25,4,0,UEFA,UEFA,0,-3.5830134214207057,-0.17391304347826075,-43,-9.086956521739129,-0.033333333333333326,-0.6999999999999997,Home Win,Training
WC-2010,2010,M-2010-52,2010-06-27,ARG,Argentina,MEX,Mexico,3,1,0.2632478632478632,0.6717948717948719,-0.7282051282051283,1,1,1,2,0,CONMEBOL,CONCACAF,0,0.047257685325714505,-0.21739130434782594,22,-18.91304347826087,-0.12962962962962965,-0.8333333333333334,Home Win,Training
WC-2010,2010,M-2010-53,2010-06-28,NLD,Netherlands,SVK,Slovakia,2,1,0.4444444444444444,1.6388888888888888,1.0555555555555556,8,2,0.5,0,0,UEFA,UEFA,0,1.5716453888045727,1.6521739130434783,374,11.391304347826086,0.2666666666666667,0.675,Home Win,Training
WC-2010,2010,M-2010-54,2010-06-28,BRA,Brazil,CHL,Chile,3,0,0.41565217391304343,0.9447826086956523,-0.6869565217391306,11,3,1,2,0,CONMEBOL,CONMEBOL,0,2.7984406154212422,1.9130434782608696,223,14.04347826086957,0.01851851851851849,0.6666666666666667,Home Win,Training
WC-2010,2010,M-2010-55,2010-06-29,PRY,Paraguay,JPN,Japan,0,0,0.0727272727272727,0.42727272727272725,0.23636363636363655,4,0,0.5,0,0,CONMEBOL,AFC,0,0.4953129184894216,0.5217391304347827,84,-14.26086956521739,-0.05555555555555547,-0.5555555555555556,Draw,Training
WC-2010,2010,M-2010-56,2010-06-29,ESP,Spain,PRT,Portugal,1,0,-0.12996777658431796,-0.05155746509129955,0.05800214822771199,8,-2,0.5,0,0,UEFA,UEFA,0,-1.8875695622414668,0.17391304347826075,236,9.173913043478258,0.3055555555555556,1.133333333333333,Home Win,Training
WC-2010,2010,M-2010-57,2010-07-02,NLD,Netherlands,BRA,Brazil,2,1,-0.25120772946859904,-0.5458937198067635,0.14251207729468607,-10,-1,0.3333333333333333,3,0,UEFA,CONMEBOL,0,-1.0533583311013892,-0.26086956521739135,-65,-2.782608695652179,0.37037037037037035,0.6527777777777777,Home Win,Training
WC-2010,2010,M-2010-58,2010-07-02,URY,Uruguay,GHA,Ghana,1,1,-0.125,0.625,-0.07499999999999996,9,-2,0.5,0,0,CONMEBOL,CAF,0,2.365503080082135,-1.0869565217391304,155,-0.6086956521739104,-0.22777777777777775,-0.55,Draw,Training
WC-2010,2010,M-2010-59,2010-07-03,ARG,Argentina,DEU,Germany,0,4,-0.09013377926421406,-0.32675585284280917,-0.07892976588628775,-2,-1,0.2,5,0,CONMEBOL,UEFA,0,2.2690831175787878,-0.5652173913043477,-37,-2.1304347826086953,-0.3481481481481482,-1.9333333333333333,Away Win,Training
WC-2010,2010,M-2010-60,2010-07-03,PRY,Paraguay,ESP,Spain,0,1,-0.17625231910946199,-0.40538033395176254,0.4730983302411875,-5,-1,0,2,0,CONMEBOL,UEFA,0,2.3903818111478152,-0.21739130434782594,-347,-4.826086956521735,-0.38888888888888884,-1.8555555555555554,Away Win,Training
WC-2010,2010,M-2010-61,2010-07-06,URY,Uruguay,NLD,Netherlands,2,3,-0.06944444444444442,-0.01388888888888884,0.36944444444444446,2,-2,0,1,0,CONMEBOL,UEFA,0,-1.0195518257298453,-1.4782608695652173,-201,-12.869565217391301,-0.5333333333333333,-1.425,Away Win,Training
WC-2010,2010,M-2010-62,2010-07-07,DEU,Germany,ESP,Spain,0,1,0.14884649511978704,0.43256433007985784,0.054125998225377225,4,2,0.6666666666666666,3,0,UEFA,UEFA,0,-1.0022914620718382,0.26086956521739135,-154,-11.739130434782606,-0.1333333333333333,-0.19999999999999973,Away Win,Training
WC-2010,2010,M-2010-63,2010-07-10,URY,Uruguay,DEU,Germany,2,3,-0.22282608695652173,-0.44021739130434767,0.20760869565217388,-6,-4,0,3,0,CONMEBOL,UEFA,0,1.7338928071898358,-1.9130434782608696,-114,-3.5217391304347814,-0.4,-1.6500000000000001,Away Win,Training
WC-2010,2010,M-2010-64,2010-07-11,NLD,Netherlands,ESP,Spain,0,1,-0.004535147392290273,0.006235827664399007,-0.10770975056689336,-4,0,0.5,0,0,UEFA,UEFA,0,1.751153170847843,-0.17391304347826075,-67,-2.391304347826086,0,-0.4249999999999998,Away Win,Training
WC-2014,2014,M-2014-01,2014-06-12,BRA,Brazil,HRV,Croatia,3,1,0.2291831879460745,1.0111022997620935,0.061062648691514676,16,3,1,1,1,CONMEBOL,UEFA,0,0.9951492426271464,0.17391304347826086,319,-10.217391304347828,-0.08333333333333337,-0.4166666666666667,Home Win,Training
WC-2014,2014,M-2014-02,2014-06-13,MEX,Mexico,CMR,Cameroon,1,0,0.04489795918367345,0.21122448979591846,0.11632653061224496,8,1,0.5,0,0,CONCACAF,CAF,0,0.6604172246525586,0.3913043478260869,205,11.000000000000004,-0.06018518518518523,-0.05555555555555558,Home Win,Training
WC-2014,2014,M-2014-03,2014-06-13,ESP,Spain,NLD,Netherlands,1,5,-0.011627906976744207,-0.07973421926910307,0.03031561461794019,4,1,1,1,0,UEFA,UEFA,1,1.7843644912656593,2.521739130434783,123,31.826086956521742,-0.09999999999999998,-1.525,Away Win,Training
WC-2014,2014,M-2014-04,2014-06-13,CHL,Chile,AUS,Australia,3,1,0.1103448275862069,0.37241379310344813,-0.14827586206896548,5,1,0,1,0,CONMEBOL,AFC,0,1.632473291075204,1.0434782608695654,211,17.17391304347826,-0.08333333333333326,-0.6785714285714286,Home Win,Training
WC-2014,2014,M-2014-05,2014-06-14,COL,Colombia,GRC,Greece,3,0,0.06410256410256412,0.7435897435897436,-0.7307692307692308,2,-1,0.5,0,0,CONMEBOL,UEFA,0,-1.0347885605451879,-0.9565217391304347,98,-10.521739130434781,-0.18055555555555558,0.04166666666666663,Home Win,Training
WC-2014,2014,M-2014-06,2014-06-14,URY,Uruguay,CRI,Costa Rica,1,3,0.08297872340425533,0.4170212765957446,-0.7170212765957447,8,4,0.5,0,0,CONMEBOL,CONCACAF,0,1.1147814183257445,3.130434782608696,207,15.913043478260875,-0.04629629629629628,-0.6597222222222222,Away Win,Training
WC-2014,2014,M-2014-07,2014-06-14,ENG,England,ITA,Italy,1,2,-0.10932203389830514,-0.269915254237288,-0.04364406779661023,-4,1,0,1,0,UEFA,UEFA,0,-1.3359521471297207,0,43,-4.173913043478262,0,1.7000000000000002,Away Win,Training
WC-2014,2014,M-2014-08,2014-06-14,CIV,Ivory Coast,JPN,Japan,2,1,0.047619047619047616,0.6428571428571429,0.3571428571428572,-2,-1,0.5,0,0,CAF,AFC,0,0.5124542451566825,0.4347826086956521,-9,-2,0.1071428571428571,-0.0714285714285714,Home Win,Training
WC-2014,2014,M-2014-09,2014-06-15,CHE,Switzerland,ECU,Ecuador,2,1,-0.11822660098522164,0.31034482758620685,0.6502463054187193,7,1,0.5,0,0,UEFA,CONMEBOL,0,-1.6630657976966354,0.9130434782608696,18,-3.173913043478258,0.2791666666666667,0.8500000000000001,Home Win,Training
WC-2014,2014,M-2014-10,2014-06-15,FRA,France,HND,Honduras,3,0,0.46296296296296297,1.4444444444444444,0.2592592592592593,11,0,0.5,0,0,UEFA,CONCACAF,0,-1.7566288724221089,-0.43478260869565216,228,-26.086956521739125,0.125,0.375,Home Win,Training
WC-2014,2014,M-2014-11,2014-06-15,ARG,Argentina,BIH,Bosnia and Herzegovina,2,1,0.5285714285714286,1.7571428571428571,1.1428571428571428,15,3,0.5,0,0,CONMEBOL,UEFA,0,1.8636431271017457,2.1739130434782608,231,5.956521739130437,-0.16666666666666674,-1.15,Home Win,Training
WC-2014,2014,M-2014-12,2014-06-16,DEU,Germany,PRT,Portugal,4,0,0.08432147562582348,0.3851559068950374,0.22529644268774707,12,2,1,1,0,UEFA,UEFA,0,-2.3411004969794362,2.956521739130435,130,4.652173913043477,0.18333333333333335,1.5166666666666668,Home Win,Training
WC-2014,2014,M-2014-13,2014-06-16,IRN,Iran,NGA,Nigeria,0,0,-0.1746031746031746,-0.5476190476190476,0.5,-1,-1,0.5,0,0,AFC,CAF,0,2.6927357676397925,-0.2608695652173913,-16,2.4347826086956523,-0.04166666666666663,0.5625,Draw,Training
WC-2014,2014,M-2014-14,2014-06-16,GHA,Ghana,USA,United States,1,2,0.20306513409961682,-0.10344827586206895,-0.8199233716475096,-7,1,1,2,0,CAF,CONCACAF,0,-2.359432193554145,0.5217391304347827,-148,-4.956521739130434,0.02083333333333337,1.625,Away Win,Training
WC-2014,2014,M-2014-15,2014-06-17,BEL,Belgium,DZA,Algeria,2,1,0.05555555555555558,0.611111111111111,0.41666666666666674,8,-1,0.5,0,0,UEFA,CAF,0,-0.6401809362259314,-0.4782608695652174,223,16.000000000000004,0.1166666666666667,0.2749999999999999,Home Win,Training
WC-2014,2014,M-2014-16,2014-06-17,BRA,Brazil,MEX,Mexico,0,0,0.4458236903008626,1.1037239638123288,-0.9091100357668841,5,1,1,3,1,CONMEBOL,CONCACAF,0,1.1020444603160442,-0.8695652173913043,324,-11.565217391304351,-0.14814814814814814,-0.9444444444444444,Draw,Training
WC-2014,2014,M-2014-17,2014-06-17,RUS,Russia,KOR,South Korea,1,1,0.15476190476190474,0.8333333333333333,-0.5119047619047616,-6,-2,0.5,0,0,UEFA,AFC,0,1.2866708329613417,-0.6956521739130435,181,0.304347826086957,0.09047619047619038,0.3571428571428572,Draw,Training
WC-2014,2014,M-2014-18,2014-06-18,AUS,Australia,NLD,Netherlands,2,3,-0.3116279069767442,-0.8511627906976744,0.6767441860465115,-6,-4,0.5,0,0,AFC,UEFA,0,-0.10332410796655367,-1.608695652173913,-277,-10.869565217391301,-0.2666666666666667,-1.9714285714285713,Away Win,Training
WC-2014,2014,M-2014-19,2014-06-18,ESP,Spain,CHL,Chile,0,2,0.1896551724137931,0.3990147783251232,-0.49815270935960587,5,4,1,2,0,UEFA,CONMEBOL,1,0.255215308157009,3.086956521739131,189,25.52173913043478,0.25,1.125,Away Win,Training
WC-2014,2014,M-2014-20,2014-06-18,CMR,Cameroon,HRV,Croatia,0,4,-0.26153846153846155,-0.30384615384615377,0.8538461538461538,3,1,0.5,0,0,CAF,UEFA,0,-0.7673124423414563,0.6521739130434783,-210,-9.65217391304348,0.125,0.5833333333333333,Away Win,Training
WC-2014,2014,M-2014-21,2014-06-19,COL,Colombia,CIV,Ivory Coast,2,1,-0.10256410256410253,-0.42307692307692313,0.26923076923076916,2,-1,0.5,0,0,CONMEBOL,CAF,0,-0.35937267505877557,-1.565217391304348,146,-10.130434782608695,-0.125,-0.625,Home Win,Training
WC-2014,2014,M-2014-22,2014-06-19,URY,Uruguay,ENG,England,2,1,-0.05769924269743959,0.31193653083303263,0.5016227912008656,-2,2,0.5,2,0,CONMEBOL,UEFA,0,1.9817278219206642,1.9130434782608698,-12,21.39130434782609,-0.1962962962962962,-2.4222222222222225,Home Win,Training
WC-2014,2014,M-2014-23,2014-06-19,JPN,Japan,GRC,Greece,0,0,0.11904761904761904,0.5238095238095237,-1.3571428571428572,2,1,0.5,0,0,AFC,UEFA,0,-1.1878701306430948,0.17391304347826098,-39,1.608695652173914,-0.16269841269841268,0.738095238095238,Draw,Training
WC-2014,2014,M-2014-24,2014-06-20,ITA,Italy,CRI,Costa Rica,0,1,0.25000000000000006,0.375,-1.175,14,1,0.5,0,0,UEFA,CONCACAF,0,0.46900574353480096,1.217391304347826,176,-1.3043478260869534,0.1499999999999999,0.0625,Away Win,Training
WC-2014,2014,M-2014-25,2014-06-20,CHE,Switzerland,FRA,France,2,5,-0.15261813537675606,-0.46743295019157083,0.5338441890166028,-4,0,0,1,0,UEFA,UEFA,0,-0.7704074041008226,1.1304347826086958,-42,10.869565217391305,0.13333333333333341,0.10000000000000009,Away Win,Training
WC-2014,2014,M-2014-26,2014-06-20,HND,Honduras,ECU,Ecuador,1,2,-0.42857142857142855,-0.6666666666666667,-0.1428571428571428,0,1,0.5,0,0,CONCACAF,CONMEBOL,0,0.8639704788262961,0.21739130434782605,-168,12.043478260869563,0.02083333333333326,0.375,Away Win,Training
WC-2014,2014,M-2014-27,2014-06-21,ARG,Argentina,IRN,Iran,1,0,0.4174603174603175,1.0904761904761906,-0.8571428571428572,12,3,0.5,0,0,CONMEBOL,AFC,0,0.42127191024610866,1.9130434782608694,306,1.608695652173914,-0.04166666666666674,-0.1875,Home Win,Training
WC-2014,2014,M-2014-28,2014-06-21,DEU,Germany,GHA,Ghana,2,2,0.16161616161616166,1.0808080808080809,0.07070707070707072,15,1,1,1,0,UEFA,CAF,0,0.7362437877570436,3.0434782608695654,364,12.086956521739129,0.18333333333333335,0.2250000000000001,Draw,Training
WC-2014,2014,M-2014-29,2014-06-21,NGA,Nigeria,BIH,Bosnia and Herzegovina,1,0,0.2857142857142857,1.2142857142857142,1.5,4,1,0.5,0,0,CAF,UEFA,0,-1.2503645507841554,0.5217391304347826,-59,1.913043478260871,-0.08333333333333337,-1.525,Home Win,Training
WC-2014,2014,M-2014-30,2014-06-22,BEL,Belgium,RUS,Russia,1,0,-0.055555555555555525,-0.5555555555555556,0.08333333333333326,9,0,1,1,0,UEFA,UEFA,0,-1.5223640746361902,0.13043478260869565,3,5.869565217391308,0.13333333333333341,-0.10000000000000009,Home Win,Training
WC-2014,2014,M-2014-31,2014-06-22,KOR,South Korea,DZA,Algeria,2,4,-0.043650793650793634,0.33333333333333337,0.8452380952380951,5,1,0.5,0,0,AFC,CAF,0,-0.4044876945510829,0.08695652173913038,39,9.826086956521738,-0.1071428571428571,0.017857142857142794,Away Win,Training
WC-2014,2014,M-2014-32,2014-06-22,USA,United States,PRT,Portugal,2,2,-0.28035982008995497,-0.5922038980509745,0.974512743628186,4,0,1,1,0,CONCACAF,UEFA,0,-0.7179120911823347,-0.6086956521739131,-86,-2.4782608695652186,-0.02083333333333337,-0.33333333333333326,Draw,Training
WC-2014,2014,M-2014-33,2014-06-23,AUS,Australia,ESP,Spain,0,3,-0.3,-0.7714285714285714,0.6464285714285714,-10,-5,0.5,0,0,AFC,UEFA,-1,-1.887688599232213,-4.130434782608696,-400,-42.69565217391305,-0.16666666666666674,-0.4464285714285714,Away Win,Training
WC-2014,2014,M-2014-34,2014-06-23,NLD,Netherlands,CHL,Chile,2,0,0.2012830793905373,0.4787489975942263,-0.5284683239775461,1,3,0.5,0,0,UEFA,CONMEBOL,0,-1.5291491831086503,0.5652173913043477,66,-6.3043478260869605,0.35,2.65,Home Win,Training
WC-2014,2014,M-2014-35,2014-06-23,CMR,Cameroon,BRA,Brazil,1,4,-0.49072164948453606,-1.3149484536082472,0.7927835051546391,-13,-2,0,1,-1,CAF,CONMEBOL,0,-1.7624616849686028,0.4782608695652174,-529,0.5652173913043477,0.20833333333333337,1,Away Win,Training
WC-2014,2014,M-2014-36,2014-06-23,HRV,Croatia,MEX,Mexico,1,3,0.2166405023547881,0.09262166405023531,-0.9701726844583988,-11,-2,0,1,0,UEFA,CONCACAF,0,0.10689521768889776,-1.0434782608695652,5,-1.3478260869565233,-0.06481481481481477,-0.5277777777777777,Away Win,Training
WC-2014,2014,M-2014-37,2014-06-24,CRI,Costa Rica,ENG,England,0,0,-0.14067796610169492,-0.10508474576271198,1.2186440677966104,-10,-2,0.5,0,0,CONCACAF,UEFA,0,0.8669464035949197,-1.217391304347826,-219,5.478260869565215,-0.1499999999999999,-1.7625000000000002,Draw,Training
WC-2014,2014,M-2014-38,2014-06-24,ITA,Italy,URY,Uruguay,0,1,0.16702127659574473,-0.04202127659574462,-0.4579787234042554,6,-3,0.5,2,0,UEFA,CONMEBOL,0,-0.6457756747909436,-1.9130434782608698,-31,-17.217391304347828,0.1962962962962962,0.7222222222222222,Away Win,Training
WC-2014,2014,M-2014-39,2014-06-24,JPN,Japan,COL,Colombia,1,4,0.054945054945054916,-0.21978021978021978,-0.6263736263736264,0,2,0.5,0,0,AFC,CONMEBOL,0,-0.1530815700979069,1.1304347826086958,-137,12.130434782608695,0.017857142857142905,0.6964285714285714,Away Win,Training
WC-2014,2014,M-2014-40,2014-06-24,GRC,Greece,CIV,Ivory Coast,2,1,-0.16666666666666666,-1.1666666666666667,1,0,0,0.5,0,0,UEFA,CAF,0,0.6754158854864123,-0.6086956521739131,48,0.39130434782608603,0.05555555555555558,-0.6666666666666666,Home Win,Training
WC-2014,2014,M-2014-41,2014-06-25,BIH,Bosnia and Herzegovina,IRN,Iran,3,1,-0.1111111111111111,-0.6666666666666666,-2,-3,0,0.5,0,0,UEFA,AFC,0,-1.442371216855637,-0.2608695652173913,75,-4.347826086956523,0.125,0.9624999999999999,Home Win,Training
WC-2014,2014,M-2014-42,2014-06-25,NGA,Nigeria,ARG,Argentina,2,3,-0.24285714285714288,-0.5428571428571429,0.3571428571428572,-11,-2,0,3,0,CAF,CONMEBOL,0,-3.114007677885901,-1.652173913043478,-290,-4.043478260869566,0.08333333333333337,-0.375,Away Win,Training
WC-2014,2014,M-2014-43,2014-06-25,HND,Honduras,CHE,Switzerland,0,3,-0.3103448275862069,-0.9770114942528736,-0.7931034482758621,-7,0,0,1,0,CONCACAF,UEFA,0,2.5270362765229315,-0.6956521739130436,-186,15.21739130434782,-0.2583333333333334,-0.4750000000000001,Away Win,Training
WC-2014,2014,M-2014-44,2014-06-25,ECU,Ecuador,FRA,France,0,0,-0.03439153439153442,-0.7777777777777777,-0.1164021164021165,-11,-1,0.5,0,0,CONMEBOL,UEFA,0,0.8926583935958128,0.2173913043478261,-60,14.043478260869563,-0.14583333333333326,-0.75,Draw,Training
WC-2014,2014,M-2014-45,2014-06-26,PRT,Portugal,GHA,Ghana,2,1,0.07729468599033817,0.6956521739130435,-0.15458937198067635,3,-1,0.5,0,0,UEFA,CAF,0,3.07734428473648,0.08695652173913038,234,7.434782608695652,0,-1.2916666666666667,Home Win,Training
WC-2014,2014,M-2014-46,2014-06-26,USA,United States,DEU,Germany,0,1,-0.36468129571577845,-0.9773598049460119,0.7492163009404389,-8,-2,0,2,0,CONCACAF,UEFA,0,1.6231884057971016,-3.565217391304348,-216,-7.130434782608695,-0.20416666666666672,-1.85,Away Win,Training
WC-2014,2014,M-2014-47,2014-06-26,DZA,Algeria,RUS,Russia,1,1,-0.1111111111111111,-1.1666666666666665,-0.3333333333333335,1,1,0.5,0,0,CAF,UEFA,0,-0.8821831384102587,0.6086956521739131,-220,-10.130434782608695,0.01666666666666672,-0.375,Draw,Training
WC-2014,2014,M-2014-48,2014-06-26,KOR,South Korea,BEL,Belgium,0,1,-0.09920634920634921,-0.2777777777777777,0.4285714285714284,-3,2,0,2,0,AFC,UEFA,0,0.2356932416748485,0.5652173913043478,-184,-6.173913043478265,-0.2238095238095238,-0.2571428571428571,Away Win,Training
WC-2014,2014,M-2014-49,2014-06-28,BRA,Brazil,CHL,Chile,1,1,0.38037682189832916,0.9925346605047991,-0.6445076430856737,11,1,1,3,1,CONMEBOL,CONMEBOL,0,0.3638960807070788,-0.7391304347826088,218,-5.3043478260869605,-0.08333333333333337,-0.25,Draw,Training
WC-2014,2014,M-2014-50,2014-06-28,COL,Colombia,URY,Uruguay,2,0,-0.15220949263502453,-0.5400981996726677,0.38625204582651373,-7,-4,0,1,0,CONMEBOL,CONMEBOL,0,-1.0776418772133454,-3.217391304347826,3,-21.695652173913047,0.08796296296296291,0.5972222222222222,Home Win,Training
WC-2014,2014,M-2014-51,2014-06-29,NLD,Netherlands,MEX,Mexico,2,1,0.26672994779307074,0.589938300901756,-0.7930707166587565,-5,3,0,1,0,UEFA,CONCACAF,0,-0.7910008034996849,0.4347826086956521,172,-12.565217391304351,0.2851851851851852,1.9555555555555555,Home Win,Training
WC-2014,2014,M-2014-52,2014-06-29,CRI,Costa Rica,GRC,Greece,1,1,0.13333333333333333,0.8666666666666667,-0.3999999999999999,1,-1,0.5,0,0,CONCACAF,UEFA,0,-1.071928101657587,-0.8695652173913043,-112,-4.739130434782609,-0.2222222222222222,0.10416666666666663,Draw,Training
WC-2014,2014,M-2014-53,2014-06-30,FRA,France,NGA,Nigeria,2,0,0.17724867724867727,0.5634920634920635,-0.2407407407407407,9,0,0.5,0,0,UEFA,CAF,0,1.0306222658691162,-0.13043478260869562,168,-6.826086956521738,-0.08333333333333337,0.125,Home Win,Training
WC-2014,2014,M-2014-54,2014-06-30,DEU,Germany,DZA,Algeria,2,1,0.38383838383838387,1.4141414141414144,-0.15151515151515138,14,3,0,1,0,UEFA,CAF,0,-0.41139184001428575,4,444,26.217391304347824,0.18333333333333335,1.475,Home Win,Training
WC-2014,2014,M-2014-55,2014-07-01,ARG,Argentina,CHE,Switzerland,1,0,0.21822660098522167,0.44679802955665027,-0.6502463054187193,6,2,1,1,0,CONMEBOL,UEFA,0,2.8537928161176076,0.652173913043478,164,0,-0.13333333333333341,0.1499999999999999,Home Win,Training
WC-2014,2014,M-2014-56,2014-07-01,BEL,Belgium,USA,United States,2,1,0.03639846743295019,0.17432950191570873,-0.18103448275862077,2,-2,0,1,0,UEFA,CONCACAF,0,-1.8519775020087472,-0.9130434782608695,-5,-3.0869565217391255,0.13750000000000007,0.6499999999999999,Home Win,Training
WC-2014,2014,M-2014-57,2014-07-04,FRA,France,DEU,Germany,0,1,-0.1430976430976431,-0.3030303030303032,0.07744107744107742,-4,-3,0.3333333333333333,3,0,UEFA,UEFA,0,0.6501800434485006,-4.260869565217392,-176,-21.43478260869565,-0.2666666666666667,-1.6,Away Win,Training
WC-2014,2014,M-2014-58,2014-07-04,BRA,Brazil,COL,Colombia,2,1,0.4599524187153053,1.0880253766851704,-0.8620142743854083,15,3,0.5,0,1,CONMEBOL,CONMEBOL,0,0.8883730619289949,0.7391304347826086,216,1.391304347826086,-0.125,-0.875,Home Win,Training
WC-2014,2014,M-2014-59,2014-07-05,ARG,Argentina,BEL,Belgium,1,0,0.2507936507936508,0.47936507936507944,-0.6071428571428572,4,3,0.5,2,0,CONMEBOL,UEFA,0,2.962354551676931,2,167,-0.3478260869565233,-0.20000000000000007,-0.1499999999999999,Home Win,Training
WC-2014,2014,M-2014-60,2014-07-05,NLD,Netherlands,CRI,Costa Rica,0,0,0.21162790697674422,0.4511627906976745,-1.0767441860465117,6,5,0.5,0,0,UEFA,CONCACAF,0,-0.9675326607743351,1.9565217391304346,274,-5.391304347826086,0.35,1.9625,Draw,Training
WC-2014,2014,M-2014-61,2014-07-08,BRA,Brazil,DEU,Germany,1,7,0.08466104342393,0.0841403728001664,-0.27460168697282106,2,-1,1,1,1,CONMEBOL,UEFA,0,2.1720679701217165,-3.7826086956521743,65,-13.130434782608695,-0.43333333333333335,-2.6,Away Win,Training
WC-2014,2014,M-2014-62,2014-07-09,NLD,Netherlands,ARG,Argentina,0,0,-0.016943521594684374,-0.10598006644518265,-0.11960132890365438,-6,2,0.5,4,0,UEFA,CONMEBOL,0,-2.454542749159298,0,-33,-3.5652173913043512,0.2666666666666667,1.65,Draw,Training
WC-2014,2014,M-2014-63,2014-07-12,BRA,Brazil,NLD,Netherlands,0,3,0.17909374250779186,0.5137856629105728,-0.11603931910812759,10,-2,0.25,4,1,CONMEBOL,UEFA,0,1.8930452638157291,-1.3043478260869565,152,1,-0.43333333333333335,-2.9,Away Win,Training
WC-2014,2014,M-2014-64,2014-07-13,DEU,Germany,ARG,Argentina,1,0,0.0774891774891775,0.32366522366522377,0.038961038961039085,2,1,0.5,6,0,UEFA,CONMEBOL,0,-2.7335654554652855,2.4782608695652177,54,10.565217391304344,0.2666666666666667,1.35,Home Win,Training
WC-2018,2018,M-2018-01,2018-06-14,RUS,Russia,SAU,Saudi Arabia,5,0,0.06837606837606836,0.7521367521367521,-1.0170940170940173,-1,1,0.5,0,1,UEFA,AFC,0,0.10808558759634579,0.5652173913043478,92,-5.782608695652172,-0.2222222222222222,-1.7222222222222223,Home Win,Training
WC-2018,2018,M-2018-02,2018-06-15,EGY,Egypt,URY,Uruguay,0,1,-0.39215686274509803,-0.8186274509803921,0.10784313725490202,-10,-2,0.5,0,0,CAF,CONMEBOL,0,0.8498050769276553,-2.869565217391304,-250,-4.956521739130437,0.09259259259259256,0.20833333333333337,Away Win,Training
WC-2018,2018,M-2018-03,2018-06-15,MAR,Morocco,IRN,Iran,0,1,0.07051282051282053,0.33974358974358976,-0.4487179487179487,0,-1,0.5,0,0,CAF,AFC,0,0.0027378507871347324,-0.8695652173913043,-57,-6.478260869565215,-0.1527777777777778,-0.22222222222222232,Away Win,Training
WC-2018,2018,M-2018-04,2018-06-15,PRT,Portugal,ESP,Spain,3,3,0.008474576271186418,0.0945241199478486,-0.0032594524119946566,-8,0,0,1,0,UEFA,UEFA,0,-0.12213195250424036,-1,-75,-2.6956521739130466,-0.033333333333333326,-0.5,Draw,Training
WC-2018,2018,M-2018-05,2018-06-16,FRA,France,AUS,Australia,2,1,0.32073011734028684,0.9504563233376794,-0.7966101694915255,10,2,0.5,0,0,UEFA,AFC,0,-2.1044549593786286,0.608695652173913,246,-3.782608695652172,0.039393939393939426,-0.30000000000000004,Home Win,Training
WC-2018,2018,M-2018-06,2018-06-16,ARG,Argentina,ISL,Iceland,1,1,0.5454545454545454,1.7012987012987013,1.0909090909090908,16,5,0.5,0,0,CONMEBOL,UEFA,0,0.9374163021158815,3.4347826086956523,221,-2.6956521739130395,-0.2148148148148148,-0.7333333333333334,Draw,Training
WC-2018,2018,M-2018-07,2018-06-16,PER,Peru,DNK,Denmark,0,1,-0.23333333333333334,-0.4208333333333334,0.5666666666666669,0,0,0.5,0,0,CONMEBOL,UEFA,0,0.2968782549177149,-0.17391304347826086,61,9.304347826086957,-0.16666666666666663,-1.1833333333333333,Away Win,Training
WC-2018,2018,M-2018-08,2018-06-16,HRV,Croatia,NGA,Nigeria,2,0,0.1597222222222222,0.20138888888888884,-0.3819444444444444,-1,-1,0.5,0,0,UEFA,CAF,0,1.9388745052525067,0.34782608695652184,169,14.69565217391304,-0.04166666666666674,0.29166666666666674,Home Win,Training
WC-2018,2018,M-2018-09,2018-06-17,CRI,Costa Rica,SRB,Serbia,0,1,0,0.4666666666666667,0.5333333333333334,3,3,0.5,0,0,CONCACAF,UEFA,0,3.01699253042883,1.9565217391304348,-35,25.39130434782609,-0.033333333333333326,-0.125,Away Win,Training
WC-2018,2018,M-2018-10,2018-06-17,DEU,Germany,MEX,Mexico,0,1,0.3584905660377358,1.0377358490566038,-0.5943396226415094,3,4,0.6666666666666666,3,0,UEFA,CONCACAF,1,-2.1050501443323526,0.7391304347826089,227,-19.21739130434782,0.22916666666666663,2.5875,Away Win,Training
WC-2018,2018,M-2018-11,2018-06-17,BRA,Brazil,CHE,Switzerland,1,1,0.3397435897435898,0.7613636363636365,-0.8071095571095571,10,2,0,1,0,CONMEBOL,UEFA,0,1.421301669493797,-0.7826086956521741,253,-7.478260869565219,-0.10185185185185186,0.25,Draw,Training
WC-2018,2018,M-2018-12,2018-06-18,SWE,Sweden,KOR,South Korea,1,0,0.18653576437587657,0.6086956521739131,-0.661290322580645,2,-1,0.5,0,0,UEFA,AFC,0,0.4510311579323272,-0.9565217391304348,82,2,-0.06699346405228768,0.02941176470588225,Home Win,Training
WC-2018,2018,M-2018-13,2018-06-18,BEL,Belgium,PAN,Panama,3,0,0.34146341463414637,1.2682926829268293,1.6097560975609757,12,3,0.5,0,0,UEFA,CONCACAF,0,-1.2808380204148406,2.3043478260869565,280,-11.217391304347828,0.45416666666666666,3.6375,Home Win,Training
WC-2018,2018,M-2018-14,2018-06-18,TUN,Tunisia,ENG,England,1,2,-0.3360215053763441,-0.6075268817204301,0.5134408602150539,-10,-1,0,1,0,CAF,UEFA,0,0.47626699997024247,-0.4782608695652174,-292,-0.7826086956521721,-0.033333333333333326,-0.375,Away Win,Training
WC-2018,2018,M-2018-15,2018-06-19,COL,Colombia,JPN,Japan,1,2,0.15359477124183007,0.6209150326797386,0.2058823529411764,0,2,1,1,0,CONMEBOL,AFC,0,-0.18534059458977126,-0.5652173913043479,244,-14,-0.2777777777777778,-1.9444444444444442,Away Win,Training
WC-2018,2018,M-2018-16,2018-06-19,POL,Poland,SEN,Senegal,1,2,0.08387096774193548,0.01935483870967758,0.0903225806451613,6,0,0.5,0,0,UEFA,CAF,0,1.3211915602773558,0,82,8.869565217391305,0.08333333333333337,0.1499999999999999,Away Win,Training
WC-2018,2018,M-2018-17,2018-06-19,RUS,Russia,EGY,Egypt,3,1,0.2222222222222222,0.6944444444444444,-0.05555555555555558,1,1,0.5,0,1,UEFA,CAF,0,-0.14272535190310265,0.5652173913043478,35,-8.782608695652172,-0.16666666666666663,-0.875,Home Win,Training
WC-2018,2018,M-2018-18,2018-06-20,PRT,Portugal,MAR,Morocco,1,0,0.34615384615384615,0.7307692307692306,-0.26923076923076916,2,1,0,1,0,UEFA,CAF,0,1.1322798559652405,1.391304347826087,236,15.478260869565215,0.275,1.2999999999999998,Home Win,Training
WC-2018,2018,M-2018-19,2018-06-20,URY,Uruguay,SAU,Saudi Arabia,1,0,0.23831070889894418,0.8763197586726998,-1.0693815987933637,8,2,0.5,0,0,CONMEBOL,AFC,0,-0.5989941374282068,2.869565217391304,307,7.956521739130437,-0.14814814814814814,-1.0555555555555558,Home Win,Training
WC-2018,2018,M-2018-20,2018-06-20,IRN,Iran,ESP,Spain,0,1,-0.40819209039548027,-0.9759887005649718,0.7146892655367232,-10,0,0.5,0,0,AFC,UEFA,0,-1.2571496592566156,-1.5217391304347827,-254,-11.695652173913047,-0.15555555555555556,-1.5777777777777775,Away Win,Training
WC-2018,2018,M-2018-21,2018-06-21,DNK,Denmark,AUS,Australia,1,1,0.34615384615384615,0.8413461538461539,-0.5,0,-1,0.5,0,0,UEFA,AFC,0,-0.9908639109603321,-0.6521739130434783,114,-3.2608695652173907,-0.06060606060606066,-0.16666666666666674,Draw,Training
WC-2018,2018,M-2018-22,2018-06-21,FRA,France,PER,Peru,1,0,0.20790960451977403,0.5299435028248589,-0.8632768361581924,10,3,0.5,0,0,UEFA,CONMEBOL,0,-1.4104693033360114,1.434782608695652,71,-9.826086956521738,0.2666666666666667,1.05,Home Win,Training
WC-2018,2018,M-2018-23,2018-06-21,ARG,Argentina,HRV,Croatia,0,3,0.10795454545454541,0.3887987012987013,0.02840909090909083,12,4,1,1,0,CONMEBOL,UEFA,0,1.6173555932506005,2.217391304347826,132,-2.95652173913043,-0.14814814814814814,-1,Away Win,Training
WC-2018,2018,M-2018-24,2018-06-22,BRA,Brazil,CRI,Costa Rica,2,0,0.3397435897435898,0.9916666666666667,-0.5525641025641027,16,1,1,2,0,CONMEBOL,CONCACAF,0,-1.1738237657352002,-0.8695652173913044,399,-21.47826086956522,0.09259259259259267,0.7916666666666667,Home Win,Training
WC-2018,2018,M-2018-25,2018-06-22,NGA,Nigeria,ISL,Iceland,2,0,0.2777777777777778,1.1111111111111112,1.4444444444444444,5,2,0.5,0,0,CAF,UEFA,0,-2.618813796387226,0.8695652173913043,-80,-14.434782608695649,-0.02499999999999991,-0.025000000000000022,Home Win,Training
WC-2018,2018,M-2018-26,2018-06-22,SRB,Serbia,CHE,Switzerland,1,2,0,-0.6969696969696969,-0.7878787878787878,-9,-2,0.5,0,0,UEFA,UEFA,0,-0.4218670951998327,-1.8695652173913044,-111,-11.39130434782609,-0.1611111111111112,-0.41666666666666674,Away Win,Training
WC-2018,2018,M-2018-27,2018-06-23,BEL,Belgium,TUN,Tunisia,5,2,0.25813008130081305,0.6016260162601627,0.19308943089430897,8,3,0,1,0,UEFA,CAF,0,1.0588340326756551,2.3043478260869565,281,27.08695652173913,0.09999999999999998,2.575,Home Win,Training
WC-2018,2018,M-2018-28,2018-06-23,KOR,South Korea,MEX,Mexico,1,2,-0.10286062081558126,-0.07547169811320753,0.4254412659768714,-6,-1,0,1,0,AFC,CONCACAF,0,-1.458084099633961,-2.0434782608695654,-137,-30.999999999999996,-0.06495098039215685,0.15808823529411775,Away Win,Training
WC-2018,2018,M-2018-29,2018-06-23,DEU,Germany,SWE,Sweden,2,1,0.2748154224774405,0.5045118949958982,-0.35849056603773577,7,6,0.75,4,0,UEFA,UEFA,1,-1.0979972026307188,3.739130434782609,282,9.782608695652176,0.36111111111111116,2.4,Home Win,Training
WC-2018,2018,M-2018-30,2018-06-24,ENG,England,PAN,Panama,6,1,0.41935483870967744,1.2741935483870968,0.9032258064516129,14,1,0.5,0,0,UEFA,CONCACAF,0,-2.815939053060738,0.4782608695652174,291,-37.52173913043478,0.3875,1.4375,Home Win,Training
WC-2018,2018,M-2018-31,2018-06-24,JPN,Japan,SEN,Senegal,2,2,-0.1647058823529412,-0.5764705882352941,0.09411764705882364,4,1,0.5,0,0,AFC,CAF,0,1.5900961223700278,2,-65,18.391304347826086,0.02777777777777779,0.8055555555555554,Draw,Training
WC-2018,2018,M-2018-32,2018-06-24,POL,Poland,COL,Colombia,0,3,0.0949820788530466,-0.02508960573476693,-0.20967741935483875,2,-3,0.5,0,0,UEFA,CONMEBOL,0,-0.08356396750290074,-1.434782608695652,-97,4.478260869565219,0.33333333333333337,1.2888888888888888,Away Win,Training
WC-2018,2018,M-2018-33,2018-06-25,SAU,Saudi Arabia,EGY,Egypt,2,1,0.15384615384615385,-0.05769230769230771,0.9615384615384617,2,0,0.5,0,0,AFC,CAF,0,-0.25081093949944844,0,-57,-3,0.05555555555555558,0.8472222222222223,Home Win,Training
WC-2018,2018,M-2018-34,2018-06-25,URY,Uruguay,RUS,Russia,3,0,0.16993464052287582,0.12418300653594772,-0.05228758169934644,9,1,0.5,0,-1,CONMEBOL,UEFA,0,-0.7070797250245526,2.3043478260869565,215,13.73913043478261,0.07407407407407407,0.6666666666666666,Home Win,Training
WC-2018,2018,M-2018-35,2018-06-25,ESP,Spain,MAR,Morocco,2,2,0.3376792698826597,0.636245110821382,-0.2659713168187745,10,1,0.5,0,0,UEFA,CAF,0,1.2544118084694809,2.391304347826087,311,18.17391304347826,0.30833333333333335,1.7999999999999998,Draw,Training
WC-2018,2018,M-2018-36,2018-06-25,IRN,Iran,PRT,Portugal,1,1,-0.4166666666666667,-1.0705128205128203,0.7179487179487178,-2,0,0,1,0,AFC,UEFA,0,-1.1350177067523752,-0.5217391304347826,-179,-9,-0.12222222222222223,-1.0777777777777775,Draw,Training
WC-2018,2018,M-2018-37,2018-06-26,AUS,Australia,PER,Peru,0,2,-0.11282051282051281,-0.42051282051282046,-0.06666666666666687,0,1,0.5,0,0,AFC,CONMEBOL,0,0.6939856560426172,0.8260869565217391,-175,-6.043478260869566,0.2272727272727273,1.35,Away Win,Training
WC-2018,2018,M-2018-38,2018-06-26,DNK,Denmark,FRA,France,0,0,0.02542372881355931,-0.10911016949152552,0.2966101694915255,-10,-3,0.5,2,0,UEFA,UEFA,0,1.1135910484182965,-1.2608695652173911,-132,0.5217391304347814,-0.10000000000000009,0.1333333333333333,Draw,Training
WC-2018,2018,M-2018-39,2018-06-26,ISL,Iceland,HRV,Croatia,1,2,-0.4375,-1.3125,-1.0625,-4,-1,0.5,0,0,UEFA,UEFA,0,0.6799392911347191,-1.2173913043478262,-89,-0.2608695652173907,0.06666666666666665,-0.2666666666666667,Away Win,Training
WC-2018,2018,M-2018-40,2018-06-26,NGA,Nigeria,ARG,Argentina,1,2,-0.2676767676767676,-0.5901875901875901,0.3535353535353536,-11,-3,0,4,0,CAF,CONMEBOL,0,-3.5562300985031072,-2.565217391304348,-301,-11.73913043478261,0.18981481481481488,0.7083333333333334,Away Win,Training
WC-2018,2018,M-2018-41,2018-06-27,KOR,South Korea,DEU,Germany,2,0,-0.4613511868533171,-1.1132075471698113,1.0197808886183808,-9,-5,0,2,0,AFC,UEFA,-1,0.6469660446983916,-2.782608695652174,-364,-11.782608695652176,-0.2941176470588235,-2.429411764705882,Home Win,Training
WC-2018,2018,M-2018-42,2018-06-27,MEX,Mexico,SWE,Sweden,0,3,-0.08367514356029532,-0.5332239540607056,0.23584905660377364,4,2,0,1,0,CONCACAF,UEFA,0,1.0070529417016338,3,55,28.999999999999996,0.13194444444444453,-0.1875,Away Win,Training
WC-2018,2018,M-2018-43,2018-06-27,SRB,Serbia,BRA,Brazil,0,2,-0.3397435897435898,-1.4583333333333335,0.019230769230769273,-19,-4,0.5,0,0,UEFA,CONMEBOL,0,-1.8431687646936297,-1.0869565217391304,-364,-3.913043478260871,-0.059259259259259345,-0.6666666666666667,Away Win,Training
WC-2018,2018,M-2018-44,2018-06-27,CHE,Switzerland,CRI,Costa Rica,2,2,0,0.23030303030303023,0.2545454545454544,6,-1,0.5,0,0,UEFA,CONCACAF,0,-2.595125435228997,-0.08695652173913038,146,-14,0.19444444444444453,0.5416666666666667,Draw,Training
WC-2018,2018,M-2018-45,2018-06-28,JPN,Japan,POL,Poland,0,1,-0.24857685009487668,-0.5958254269449716,0.00379506641366234,-2,1,0.5,0,0,AFC,UEFA,0,0.268904562092672,2,-147,9.521739130434781,-0.05555555555555558,0.6555555555555554,Away Win,Training
WC-2018,2018,M-2018-46,2018-06-28,SEN,Senegal,COL,Colombia,0,1,0.011111111111111127,-0.04444444444444451,-0.30000000000000004,-4,-3,0.5,0,0,CAF,CONMEBOL,0,-1.4047555277802566,-1.434782608695652,-179,-4.391304347826086,0.25,1.1388888888888888,Away Win,Training
WC-2018,2018,M-2018-47,2018-06-28,ENG,England,BEL,Belgium,0,1,0.07789142407553107,0.005900865460267468,-0.7065302911093628,2,-2,0.5,2,0,UEFA,UEFA,0,-1.5351010326458976,-1.8260869565217392,11,-26.304347826086957,-0.06666666666666665,-2.2,Away Win,Training
WC-2018,2018,M-2018-48,2018-06-28,PAN,Panama,TUN,Tunisia,1,2,-0.08333333333333333,-0.6666666666666666,-1.4166666666666667,-4,0,0.5,0,0,CONCACAF,CAF,0,2.3396720530904958,0,1,38.30434782608695,-0.3541666666666667,-1.0625,Away Win,Training
WC-2018,2018,M-2018-49,2018-06-30,FRA,France,ARG,Argentina,4,3,-0.07087827426810472,0.09531146819282421,0.11248073959938365,-2,-2,0,2,0,UEFA,CONMEBOL,0,-3.490640716602684,-2,2,-11.304347826086957,0.24814814814814823,1.0333333333333332,Home Win,Training
WC-2018,2018,M-2018-50,2018-06-30,URY,Uruguay,PRT,Portugal,2,1,-0.10784313725490197,-0.08521870286576161,0.27677224736048256,6,1,0.5,0,0,CONMEBOL,UEFA,0,-0.23474094574889293,1.4782608695652173,-76,2.7391304347826093,-0.32592592592592595,-2.1333333333333333,Home Win,Training
WC-2018,2018,M-2018-51,2018-07-01,ESP,Spain,RUS,Russia,1,1,0.26930320150659137,0.11487758945386073,-0.32580037664783434,11,0,0.5,0,-1,UEFA,UEFA,0,-0.35020682677141934,1.8260869565217392,366,13.695652173913047,0.43333333333333335,3.3,Draw,Training
WC-2018,2018,M-2018-52,2018-07-01,HRV,Croatia,DNK,Denmark,1,1,-0.0625,-0.375,-0.4375,0,1,0.5,0,0,UEFA,UEFA,0,0.7596940749337868,1.0434782608695654,-2,13.739130434782606,0,-0.16666666666666652,Draw,Training
WC-2018,2018,M-2018-53,2018-07-02,BRA,Brazil,MEX,Mexico,2,0,0.4089259796806967,1.0495283018867925,-0.7550798258345429,5,2,0.75,4,0,CONMEBOL,CONCACAF,0,-0.6395857512722074,-1.565217391304348,292,-30.43478260869565,-0.01157407407407407,0.35416666666666674,Home Win,Training
WC-2018,2018,M-2018-54,2018-07-02,BEL,Belgium,JPN,Japan,3,2,0.10616929698708755,0.44476327116212344,0.3156384505021521,7,2,0,1,0,UEFA,AFC,0,-0.9945540576734224,0.30434782608695654,253,2.2608695652173907,0.15555555555555556,1.6444444444444448,Home Win,Training
WC-2018,2018,M-2018-55,2018-07-03,SWE,Sweden,CHE,Switzerland,1,0,0.014492753623188415,0.24505928853754955,-0.28787878787878785,1,-2,0.5,0,0,UEFA,UEFA,0,1.0538344790643706,-2.217391304347826,-94,-6.043478260869566,-0.22222222222222232,0.08333333333333326,Home Win,Training
WC-2018,2018,M-2018-56,2018-07-03,COL,Colombia,ENG,England,1,1,-0.03046594982078854,0.17025089605734767,0.5967741935483871,-9,2,0,1,0,CONMEBOL,UEFA,0,2.3443144957295488,0.9565217391304347,-20,10.043478260869566,-0.3666666666666667,-1.3888888888888888,Draw,Training
WC-2018,2018,M-2018-57,2018-07-06,URY,Uruguay,FRA,France,0,2,-0.08241940844134266,-0.2279827185111334,0.1887670322366235,-2,-1,0.3333333333333333,3,0,CONMEBOL,UEFA,0,2.101240960628516,1.434782608695652,-94,16.217391304347824,-0.19259259259259265,-0.5333333333333333,Away Win,Training
WC-2018,2018,M-2018-58,2018-07-06,BRA,Brazil,BEL,Belgium,1,2,0.33161350844277676,0.8567073170731707,-0.628986866791745,8,1,1,1,0,CONMEBOL,UEFA,0,1.018837603785375,-0.8695652173913044,205,-17.391304347826086,-0.17407407407407405,-2.033333333333333,Away Win,Training
WC-2018,2018,M-2018-59,2018-07-07,SWE,Sweden,ENG,England,0,2,-0.0715287517531557,0.33450210378681633,0.5967741935483871,-3,-1,0,2,0,UEFA,UEFA,0,2.186471446001846,-0.4782608695652174,-153,10.347826086956523,-0.22777777777777786,0,Away Win,Training
WC-2018,2018,M-2018-60,2018-07-07,RUS,Russia,HRV,Croatia,2,2,-0.2152777777777778,0.13194444444444442,0.3819444444444444,-1,0,0.5,0,1,UEFA,UEFA,0,0.9350355623009854,-0.6521739130434784,-175,-11.782608695652172,-0.16666666666666663,-1.1666666666666667,Draw,Training
WC-2018,2018,M-2018-61,2018-07-10,FRA,France,BEL,Belgium,1,0,0.13311285655229432,0.5283174865646962,-0.40636626705250123,2,0,1,2,0,UEFA,UEFA,0,-1.555456358063271,-0.8695652173913044,50,-21.217391304347824,-0.16666666666666663,-2.5,Home Win,Training
WC-2018,2018,M-2018-62,2018-07-11,HRV,Croatia,ENG,England,2,1,0.018145161290322565,0.03830645161290325,0.15927419354838712,-10,0,0.5,0,0,UEFA,UEFA,0,1.85292979793471,0.7391304347826088,-95,19.34782608695652,-0.20000000000000007,-0.33333333333333326,Home Win,Training
WC-2018,2018,M-2018-63,2018-07-14,BEL,Belgium,ENG,England,2,0,-0.07789142407553107,-0.005900865460267468,0.7065302911093628,-2,2,0,2,0,UEFA,UEFA,0,1.5351010326458976,1.8260869565217392,-11,26.304347826086957,0.06666666666666665,2.2,Home Win,Training
WC-2018,2018,M-2018-64,2018-07-15,FRA,France,HRV,Croatia,4,2,0.03707627118644069,0.4841101694915255,0.14088983050847448,10,2,1,1,0,UEFA,UEFA,0,-1.8732851233520833,0.21739130434782594,134,-14.260869565217387,0.10000000000000009,0.033333333333333215,Home Win,Training
WC-2022,2022,M-2022-01,2022-11-20,QAT,Qatar,ECU,Ecuador,0,2,-0.4,-1,-1.1,-3,0,0.5,0,1,AFC,CONMEBOL,0,1.458747959774655,-0.3076923076923077,-153,32.34615384615384,0.018518518518518545,-0.4444444444444444,Away Win,Testing
WC-2022,2022,M-2022-02,2022-11-21,ENG,England,IRN,Iran,6,2,0.28695652173913044,0.718840579710145,-0.6724637681159421,10,3,0.5,0,0,UEFA,AFC,0,-2.4566524509029612,0.8153846153846154,123,-7.661538461538463,0.07037037037037042,1.3222222222222224,Home Win,Testing
WC-2022,2022,M-2022-03,2022-11-21,SEN,Senegal,NLD,Netherlands,0,2,-0.16500000000000004,-0.345,0.29000000000000004,-8,1,0.5,0,0,CAF,UEFA,0,-0.6938345706312852,-0.11538461538461542,-354,-5.423076923076923,0.02499999999999991,-1.125,Away Win,Testing
WC-2022,2022,M-2022-04,2022-11-21,USA,United States,WAL,Wales,1,1,0.04242424242424242,0.32121212121212106,1.0787878787878789,9,0,0.5,0,0,CONCACAF,UEFA,0,-1.2860527562786288,0.11538461538461539,8,-11.730769230769234,-0.10476190476190472,0.08571428571428574,Draw,Testing
WC-2022,2022,M-2022-05,2022-11-22,ARG,Argentina,SAU,Saudi Arabia,1,2,0.3433641975308642,1.003858024691358,-1.2893518518518519,12,1,0.5,0,0,CONMEBOL,AFC,0,0.4719633549202342,1,508,5.346153846153843,-0.031590413943355156,-0.21568627450980382,Away Win,Testing
WC-2022,2022,M-2022-06,2022-11-22,DNK,Denmark,TUN,Tunisia,0,0,0.31666666666666665,0.6333333333333333,-0.3666666666666667,0,1,0.5,0,0,UEFA,CAF,0,-0.8559995787921864,0.6153846153846153,264,0.7307692307692264,0.19166666666666665,1.4500000000000002,Draw,Testing
WC-2022,2022,M-2022-07,2022-11-22,MEX,Mexico,POL,Poland,0,0,-0.18988648090815274,-0.30030959752321995,0.39576883384932926,8,1,0,1,0,CONCACAF,UEFA,0,1.364081503711894,1.0769230769230769,-5,16.153846153846153,-0.030303030303030387,-1.2662337662337664,Draw,Testing
WC-2022,2022,M-2022-08,2022-11-22,FRA,France,AUS,Australia,4,1,0.39015151515151514,1.0056818181818181,-0.7708333333333333,10,5,1,1,0,UEFA,AFC,1,-0.5106091718001373,2.269230769230769,286,13.653846153846153,0.033333333333333326,0.2250000000000001,Home Win,Testing
WC-2022,2022,M-2022-09,2022-11-23,MAR,Morocco,HRV,Croatia,0,0,-0.3532608695652174,-0.6467391304347827,0.24456521739130443,0,-4,0.5,0,0,CAF,UEFA,0,-1.2210814510609183,-1.8076923076923075,-161,-17.615384615384613,0.1499999999999999,1.05,Draw,Testing
WC-2022,2022,M-2022-10,2022-11-23,DEU,Germany,JPN,Japan,1,2,0.3765836609873307,1.1210135430318917,-0.23416339012669285,13,-1,0.5,0,0,UEFA,AFC,0,-0.9194966566629823,0.42307692307692313,176,0.0769230769230802,0.04814814814814816,0.31111111111111134,Away Win,Testing
WC-2022,2022,M-2022-11,2022-11-23,ESP,Spain,CRI,Costa Rica,7,0,0.19841269841269837,0.5158730158730158,-0.4126984126984128,10,1,0.5,0,0,UEFA,CONCACAF,0,-1.8267782867372198,-0.653846153846154,304,-16.153846153846153,0.1694444444444444,0.85,Home Win,Testing
WC-2022,2022,M-2022-12,2022-11-23,BEL,Belgium,CAN,Canada,1,0,0.4166666666666667,1.4166666666666667,-0.16666666666666674,12,4,0.5,0,0,UEFA,CONCACAF,0,0.8279892592007592,4,231,20.576923076923077,0.06666666666666665,0.07500000000000018,Home Win,Testing
WC-2022,2022,M-2022-13,2022-11-24,CHE,Switzerland,CMR,Cameroon,1,0,0.15041128084606348,0.5687426556991774,-0.1398354876615746,4,2,0.5,0,0,UEFA,CAF,0,0.7300584425841095,1.3846153846153846,292,13.23076923076923,0,0.5,Home Win,Testing
WC-2022,2022,M-2022-14,2022-11-24,URY,Uruguay,KOR,South Korea,0,0,0.25210084033613445,0.5535714285714286,-0.7373949579831931,3,2,1,2,0,CONMEBOL,AFC,0,0.13847206865687411,2.730769230769231,150,10.03846153846154,-0.2657952069716776,-1.8235294117647058,Draw,Testing
WC-2022,2022,M-2022-15,2022-11-24,PRT,Portugal,GHA,Ghana,3,2,0.13333333333333336,0.55,-0.16666666666666652,4,2,1,1,0,UEFA,CAF,0,2.0293792449849946,1.6538461538461537,438,22.461538461538463,0.14166666666666672,1,Home Win,Testing
WC-2022,2022,M-2022-16,2022-11-24,BRA,Brazil,SRB,Serbia,2,0,0.3363914373088685,1.434250764525994,-0.20336391437308876,19,2,1,1,0,CONMEBOL,UEFA,0,1.070815563628706,0.9999999999999999,271,6.7692307692307665,0.04901960784313719,0.9338235294117645,Home Win,Testing
WC-2022,2022,M-2022-17,2022-11-25,WAL,Wales,IRN,Iran,0,2,0.06666666666666668,0.20000000000000007,-0.8,-4,-1,0.5,0,0,UEFA,AFC,0,-2.547949244458483,-1.8,-7,-1.1230769230769226,-0.09629629629629632,-1.5777777777777777,Away Win,Testing
WC-2022,2022,M-2022-18,2022-11-25,QAT,Qatar,SEN,Senegal,1,3,-0.375,-1.375,-1.25,-2,-1,0.5,0,1,AFC,CAF,0,1.0639709366608763,-0.5769230769230769,-7,35.76923076923077,-0.29166666666666663,-1.375,Away Win,Testing
WC-2022,2022,M-2022-19,2022-11-25,NLD,Netherlands,ECU,Ecuador,1,1,0.14,0.72,-0.14000000000000012,7,0,0.5,0,0,UEFA,CONMEBOL,0,1.088611593745064,0.3846153846153846,208,2,0.28518518518518526,2.0555555555555554,Draw,Testing
WC-2022,2022,M-2022-20,2022-11-25,ENG,England,USA,United States,0,0,0.17786561264822132,0.1976284584980239,-0.9512516469038209,5,4,0,2,0,UEFA,CONCACAF,0,1.3773495498341504,2.5,122,5.192307692307693,0.27142857142857146,2.8142857142857145,Draw,Testing
WC-2022,2022,M-2022-21,2022-11-26,TUN,Tunisia,AUS,Australia,0,1,0.008333333333333331,0.054166666666666696,-0.27083333333333326,0,0,0.5,0,0,CAF,AFC,0,0.917811825409359,0.038461538461538436,-12,17.230769230769234,-0.008333333333333304,-0.3999999999999999,Away Win,Testing
WC-2022,2022,M-2022-22,2022-11-26,POL,Poland,SAU,Saudi Arabia,2,0,0.28308823529411764,0.6654411764705883,-1.1139705882352942,3,0,0.5,0,0,UEFA,AFC,0,-0.2198704785973753,0.11538461538461542,179,5.73076923076923,-0.09932659932659926,0.5757575757575759,Home Win,Testing
WC-2022,2022,M-2022-23,2022-11-26,FRA,France,DNK,Denmark,2,1,0.06515151515151513,0.3181818181818181,-0.1333333333333333,10,4,0.3333333333333333,3,0,UEFA,UEFA,1,-0.57242141841731,1.6153846153846156,34,-4.307692307692307,-0.15000000000000002,-0.8250000000000002,Home Win,Testing
WC-2022,2022,M-2022-24,2022-11-26,ARG,Argentina,MEX,Mexico,2,0,0.2501624431448993,0.6387264457439896,-0.571150097465887,1,0,1,3,0,CONMEBOL,CONCACAF,0,-0.6722476701942846,-0.1923076923076923,334,-16.53846153846154,0.0980392156862745,0.47478991596638653,Home Win,Testing
WC-2022,2022,M-2022-25,2022-11-27,JPN,Japan,CRI,Costa Rica,0,1,-0.03968253968253971,-0.10317460317460325,-0.17460317460317465,1,1,0.5,0,0,AFC,CONCACAF,0,0.5593639762017588,-0.5,43,-9.192307692307693,0.22962962962962963,2.488888888888889,Away Win,Testing
WC-2022,2022,M-2022-26,2022-11-27,BEL,Belgium,MAR,Morocco,0,2,0.2916666666666667,0.5416666666666667,0.125,8,3,1,1,0,UEFA,CAF,0,1.6580845574685412,3.5,241,32.15384615384615,-0.08333333333333326,-0.375,Away Win,Testing
WC-2022,2022,M-2022-27,2022-11-27,HRV,Croatia,CAN,Canada,4,1,0.4782608695652174,1.5217391304347827,-0.5362318840579712,4,5,0.5,0,0,UEFA,CONCACAF,0,0.3909861527931362,2.3076923076923075,151,6.0384615384615365,0,-0.5999999999999999,Home Win,Testing
WC-2022,2022,M-2022-28,2022-11-27,ESP,Spain,DEU,Germany,1,1,-0.13848842289209262,-0.5019659239842726,-0.003931847968545288,-4,1,0.25,4,0,UEFA,UEFA,0,-1.4666456062759963,-0.5769230769230771,85,-7.03846153846154,-0.10833333333333339,-1.9500000000000002,Draw,Testing
WC-2022,2022,M-2022-29,2022-11-28,CMR,Cameroon,SRB,Serbia,3,3,-0.15942028985507245,0.11594202898550732,0.7028985507246377,5,-1,0.5,0,0,CAF,UEFA,0,-0.5559943136945158,-0.1923076923076924,-288,-4.23076923076923,-0.08333333333333337,0,Draw,Testing
WC-2022,2022,M-2022-30,2022-11-28,KOR,South Korea,GHA,Ghana,2,3,-0.15686274509803919,-0.08333333333333326,0.7254901960784312,7,1,0.5,0,0,AFC,CAF,0,2.8752698362554625,0.653846153846154,219,16.846153846153843,0.15931372549019607,1.3235294117647058,Away Win,Testing
WC-2022,2022,M-2022-31,2022-11-28,BRA,Brazil,CHE,Switzerland,1,0,0.3454004463178775,0.7495660798413093,-0.7664269774361518,10,1,0,2,0,CONMEBOL,UEFA,0,0.8967514347391123,-0.1923076923076923,267,-2.2307692307692335,0.13235294117647056,0.4338235294117645,Home Win,Testing
WC-2022,2022,M-2022-32,2022-11-28,PRT,Portugal,URY,Uruguay,2,0,0.038095238095238126,0.0797619047619047,-0.15476190476190466,-6,-1,0,1,0,UEFA,CONMEBOL,0,-0.9843626599273421,-1.7307692307692308,69,-4.42307692307692,0.24814814814814823,1.5,Home Win,Testing
WC-2022,2022,M-2022-33,2022-11-29,ECU,Ecuador,SEN,Senegal,1,2,0.025000000000000022,-0.375,-0.1499999999999999,1,-1,0.5,0,0,CONMEBOL,CAF,0,-0.3947770231137788,-0.26923076923076916,146,3.4230769230769234,-0.3101851851851852,-0.9305555555555556,Away Win,Testing
WC-2022,2022,M-2022-34,2022-11-29,NLD,Netherlands,QAT,Qatar,2,0,0.54,1.72,0.96,10,0,0.5,0,-1,UEFA,AFC,0,-0.3701363660295911,0.6923076923076923,361,-30.346153846153843,0.2666666666666667,2.5,Home Win,Testing
WC-2022,2022,M-2022-35,2022-11-29,IRN,Iran,USA,United States,0,1,-0.1090909090909091,-0.5212121212121211,-0.2787878787878788,-5,1,1,1,0,AFC,CONCACAF,0,3.8340020007371116,1.6846153846153846,-1,12.853846153846156,0.20105820105820105,1.492063492063492,Away Win,Testing
WC-2022,2022,M-2022-36,2022-11-29,WAL,Wales,ENG,England,0,3,-0.22028985507246374,-0.518840579710145,-0.12753623188405794,-14,-4,0.5,0,0,UEFA,UEFA,0,-0.09129679355552156,-2.6153846153846154,-130,6.53846153846154,-0.16666666666666674,-2.9000000000000004,Away Win,Testing
WC-2022,2022,M-2022-37,2022-11-30,AUS,Australia,DNK,Denmark,1,0,-0.325,-0.6875,0.6375,0,-1,0,1,0,AFC,UEFA,0,-0.06181224661717266,-0.6538461538461537,-252,-17.96153846153846,-0.18333333333333335,-1.0500000000000003,Home Win,Testing
WC-2022,2022,M-2022-38,2022-11-30,TUN,Tunisia,FRA,France,1,0,-0.38181818181818183,-0.9515151515151514,0.5,-10,-5,0.5,0,0,CAF,UEFA,-1,1.4284209972094963,-2.230769230769231,-298,3.57692307692308,-0.04166666666666663,-0.625,Home Win,Testing
WC-2022,2022,M-2022-39,2022-11-30,POL,Poland,ARG,Argentina,0,2,-0.06027596223674658,-0.3384168482207697,0.1753812636165577,-9,-1,0.5,2,0,UEFA,CONMEBOL,0,-0.6918338335176095,-0.8846153846153846,-329,0.3846153846153868,-0.06773618538324411,0.7914438502673797,Away Win,Testing
WC-2022,2022,M-2022-40,2022-11-30,SAU,Saudi Arabia,MEX,Mexico,1,2,-0.0932017543859649,-0.36513157894736836,0.7182017543859649,-11,-1,0.5,0,0,AFC,CONCACAF,0,-1.1442110251145188,-1.1923076923076923,-174,-21.884615384615383,0.12962962962962965,0.6904761904761904,Away Win,Testing
WC-2022,2022,M-2022-41,2022-12-01,CAN,Canada,MAR,Morocco,1,2,-0.125,-0.875,0.29166666666666674,-4,-1,0.5,0,0,CONCACAF,CAF,0,0.8300952982677821,-0.5,10,11.576923076923077,-0.1499999999999999,-0.4500000000000002,Away Win,Testing
WC-2022,2022,M-2022-42,2022-12-01,HRV,Croatia,BEL,Belgium,0,0,0.06159420289855072,0.10507246376811596,-0.36956521739130443,-8,1,0.5,0,0,UEFA,UEFA,0,-0.43700310640762297,-1.6923076923076925,-80,-14.53846153846154,-0.06666666666666665,-0.675,Draw,Testing
WC-2022,2022,M-2022-43,2022-12-01,CRI,Costa Rica,DEU,Germany,2,4,-0.336901121304791,-1.0178389398572885,0.4087665647298675,-14,0,0,1,0,CONCACAF,UEFA,0,0.3601326804612235,0.07692307692307687,-219,9.115384615384613,-0.2777777777777778,-2.8000000000000003,Away Win,Testing
WC-2022,2022,M-2022-44,2022-12-01,JPN,Japan,ESP,Spain,2,1,-0.23809523809523808,-0.6190476190476191,0.23809523809523814,-9,0,0.5,0,0,AFC,UEFA,0,2.3861422629389786,0.15384615384615397,-261,6.96153846153846,0.06018518518518523,1.6388888888888888,Home Win,Testing
WC-2022,2022,M-2022-45,2022-12-02,GHA,Ghana,URY,Uruguay,0,2,-0.09523809523809523,-0.47023809523809534,0.011904761904761862,-10,-3,0,1,0,CAF,CONMEBOL,0,-3.0137419049123366,-3.3846153846153846,-369,-26.884615384615383,0.10648148148148151,0.5,Away Win,Testing
WC-2022,2022,M-2022-46,2022-12-02,KOR,South Korea,PRT,Portugal,2,1,-0.2901960784313725,-0.6333333333333333,0.8921568627450978,3,-1,1,1,0,AFC,UEFA,0,0.845890591270468,-0.9999999999999998,-219,-5.61538461538462,0.01764705882352935,0.32352941176470584,Home Win,Testing
WC-2022,2022,M-2022-47,2022-12-02,CMR,Cameroon,BRA,Brazil,1,0,-0.49581172716394095,-1.3183087355404868,0.9062624650977265,-14,-3,0,2,0,CAF,CONMEBOL,0,-1.6268098773232218,-1.1923076923076923,-559,-10.999999999999996,-0.13235294117647056,-0.9338235294117645,Home Win,Testing
WC-2022,2022,M-2022-48,2022-12-02,SRB,Serbia,CHE,Switzerland,2,3,0.009009009009008973,-0.6846846846846847,-0.5630630630630631,-9,-1,0,1,0,UEFA,UEFA,0,-0.17406412888959366,-1.192307692307692,-4,-9,0.08333333333333337,-0.5,Away Win,Testing
WC-2022,2022,M-2022-49,2022-12-03,NLD,Netherlands,USA,United States,3,1,0.2975757575757576,0.5987878787878789,-0.9187878787878789,0,0,0.5,0,0,UEFA,CONCACAF,0,1.5701574264202591,0.5769230769230769,243,-0.07692307692307665,0.17142857142857149,1.7142857142857144,Home Win,Testing
WC-2022,2022,M-2022-50,2022-12-03,ARG,Argentina,AUS,Australia,2,1,0.4058641975308642,0.878858024691358,-0.7893518518518519,12,1,0.5,0,0,CONMEBOL,AFC,0,0.6757226346548713,1,424,13.46153846153846,0.04803921568627445,-0.5323529411764705,Home Win,Testing
WC-2022,2022,M-2022-51,2022-12-04,FRA,France,POL,Poland,3,1,0.0445632798573975,0.4652406417112298,-0.1568627450980391,7,5,0,1,0,UEFA,UEFA,1,-0.49449797293739906,2.153846153846154,191,-0.1923076923076934,0.05303030303030298,-0.03409090909090917,Home Win,Testing
WC-2022,2022,M-2022-52,2022-12-04,ENG,England,SEN,Senegal,3,0,0.04528985507246375,-0.05615942028985499,-0.322463768115942,13,3,0.5,0,0,UEFA,CAF,0,0.5010266940451764,2.0384615384615383,233,10.692307692307693,0.07500000000000007,2.225,Home Win,Testing
WC-2022,2022,M-2022-53,2022-12-05,JPN,Japan,HRV,Croatia,1,1,-0.24016563146997932,-0.5693581780538304,0.25051759834368537,1,-3,0,2,0,AFC,UEFA,0,0.3329647764966026,-0.8846153846153844,-140,-2.5,0.08518518518518514,1.1888888888888889,Draw,Testing
WC-2022,2022,M-2022-54,2022-12-05,BRA,Brazil,KOR,South Korea,4,1,0.49325418240690766,1.1009174311926606,-1.0955207771181865,11,2,0.5,0,0,CONMEBOL,AFC,0,0.2612541462644131,0.7307692307692306,383,1.1538461538461533,0.0980392156862745,0.23529411764705865,Home Win,Testing
WC-2022,2022,M-2022-55,2022-12-06,MAR,Morocco,ESP,Spain,0,0,-0.35119047619047616,-0.6964285714285714,0.2321428571428572,-10,-1,0,1,0,CAF,UEFA,0,0.8320960353814577,-0.7692307692307692,-282,-8.153846153846153,0.125,1.5,Draw,Testing
WC-2022,2022,M-2022-56,2022-12-06,PRT,Portugal,CHE,Switzerland,6,1,0.14234234234234233,0.281981981981982,-0.5630630630630631,-4,0,0.5,0,0,UEFA,UEFA,0,-0.21039330279576873,0.07692307692307687,103,2.2307692307692335,0.01666666666666672,-0.125,Home Win,Testing
WC-2022,2022,M-2022-57,2022-12-09,HRV,Croatia,BRA,Brazil,1,1,-0.1914639010769844,-0.5791783007578779,0.16713203031511759,-16,2,0,2,0,UEFA,CONMEBOL,0,-0.5229295003422294,0.5384615384615383,-242,1.03846153846154,-0.11568627450980384,-0.35882352941176454,Draw,Testing
WC-2022,2022,M-2022-58,2022-12-09,NLD,Netherlands,ARG,Argentina,2,2,0.009135802469135812,0.028641975308641987,-0.18814814814814818,-7,-2,0.4,5,0,UEFA,CONMEBOL,0,-1.1390512294003052,-1.1153846153846154,-102,-7.846153846153843,0.0019607843137255943,1.3823529411764706,Draw,Testing
WC-2022,2022,M-2022-59,2022-12-10,MAR,Morocco,PRT,Portugal,1,0,-0.3416666666666667,-0.7583333333333333,0.20833333333333326,-2,-1,0.5,2,0,CAF,UEFA,0,-0.6368662138682666,-1.5384615384615383,-239,-21.03846153846154,0.1499999999999999,1.25,Home Win,Testing
WC-2022,2022,M-2022-60,2022-12-10,ENG,England,FRA,France,1,2,-0.09486166007905139,-0.4993412384716731,-0.23913043478260876,0,-2,1,2,0,UEFA,UEFA,-1,-0.14552729953140542,-0.4615384615384617,-85,-2.7692307692307665,0.1166666666666667,1.725,Away Win,Testing
WC-2022,2022,M-2022-61,2022-12-13,ARG,Argentina,HRV,Croatia,3,0,0.05260332796564682,0.16961889425657528,0.017713365539452575,12,-3,0.5,2,0,CONMEBOL,UEFA,0,0.38603696098562423,-0.4999999999999998,216,-3.53846153846154,-0.0019607843137255943,-0.5823529411764705,Home Win,Testing
WC-2022,2022,M-2022-62,2022-12-14,FRA,France,MAR,Morocco,2,0,0.39015151515151514,0.9431818181818181,-0.20833333333333326,10,5,0.5,0,0,UEFA,CAF,1,0.4207866055915339,2.576923076923077,239,14.269230769230766,-0.16666666666666663,-0.875,Home Win,Testing
WC-2022,2022,M-2022-63,2022-12-17,HRV,Croatia,MAR,Morocco,2,1,0.3532608695652174,0.6467391304347827,-0.24456521739130443,0,4,0.5,0,0,UEFA,CAF,0,1.2210814510609183,1.8076923076923075,161,17.615384615384613,-0.1499999999999999,-1.05,Home Win,Testing
WC-2022,2022,M-2022-64,2022-12-18,ARG,Argentina,FRA,France,3,3,0.015712682379349086,-0.12682379349046013,-0.0185185185185186,2,-4,0.6666666666666666,3,0,CONMEBOL,UEFA,-1,1.1863318064550086,-1.2692307692307694,138,-0.1923076923076934,0.014705882352941124,-0.7573529411764706,Draw,Testing
WC-2026,2026,M-2026-001,2026-06-11,MEX,Mexico,RSA,South Africa,2,0,0.061111111111111116,-0.18888888888888888,-0.09444444444444433,14,1,0,1,1,CONCACAF,CAF,0,1.0922971621123594,1.6538461538461537,358,28.000000000000004,-0.09999999999999998,-0.6,Home Win,Testing
WC-2026,2026,M-2026-002,2026-06-11,KOR,Korea Republic,CZE,Czechia,2,1,-0.14912280701754385,0.026315789473684292,0.7192982456140353,10,2,0.5,0,0,AFC,UEFA,0,0.44490075290896414,1.8846153846153846,18,9.03846153846154,0.19166666666666665,1,Home Win,Testing
WC-2026,2026,M-2026-003,2026-06-12,CAN,Canada,BIH,Bosnia and Herzegovina,1,1,-0.3333333333333333,-1,0.6666666666666667,1,1,0.5,0,1,CONCACAF,UEFA,0,0.516190175327754,0.8461538461538463,193,13.692307692307693,-0.1333333333333333,-1,Draw,Testing
WC-2026,2026,M-2026-004,2026-06-12,USA,USA,PAR,Paraguay,4,1,-0.016016016016015988,-0.03003003003003002,0.37637637637637633,3,2,1,1,1,CONCACAF,CONMEBOL,0,-2.0976149107565973,1.6153846153846154,-108,10.46153846153846,-0.01851851851851849,-0.2222222222222222,Home Win,Testing
WC-2026,2026,M-2026-005,2026-06-13,HAI,Haiti,SCO,Scotland,0,1,-0.17391304347826086,-0.42028985507246375,2.884057971014493,-7,0,0.5,0,0,CONCACAF,UEFA,0,-1.694308429421369,0,-234,-13.42307692307692,-0.05555555555555558,-0.30000000000000004,Away Win,Testing
WC-2026,2026,M-2026-006,2026-06-13,AUS,Australia,TUR,Türkiye,2,0,-0.3,-1.15,0.15000000000000013,4,2,0.5,0,0,AFC,UEFA,0,-0.31274680145316935,1.9615384615384615,-134,-9.076923076923077,-0.02083333333333326,1.0625,Home Win,Testing
WC-2026,2026,M-2026-007,2026-06-13,BRA,Brazil,MAR,Morocco,1,1,0.4492753623188406,1.2093821510297484,-0.22654462242562945,16,-1,1,1,0,CONMEBOL,CAF,0,2.76407097351656,0.8846153846153846,164,8.384615384615387,-0.4814814814814815,-2.111111111111111,Draw,Testing
WC-2026,2026,M-2026-008,2026-06-13,QAT,Qatar,SUI,Switzerland,1,1,-0.34146341463414637,-1.0081300813008132,0.5528455284552847,-11,-1,0.5,0,0,AFC,UEFA,0,1.2006528721107763,-1.5384615384615383,-470,11.269230769230766,-0.16666666666666663,-1.5,Draw,Testing
WC-2026,2026,M-2026-009,2026-06-14,CIV,Côte d'Ivoire,ECU,Ecuador,1,0,-0.05128205128205132,0.36752136752136755,0.4786324786324787,-1,-1,0.5,0,0,CAF,CONMEBOL,0,-0.2286105407255299,-1.2692307692307692,-243,-2.615384615384613,0.27407407407407414,2,Home Win,Testing
WC-2026,2026,M-2026-010,2026-06-14,GER,Germany,CUW,Curaçao,7,1,0.6071428571428571,2.0714285714285716,1.1607142857142858,20,1,0.5,0,0,UEFA,CONCACAF,0,0.02579897857105351,1.7307692307692308,498,8.69230769230769,0.033333333333333326,-0.1333333333333333,Home Win,Testing
WC-2026,2026,M-2026-011,2026-06-14,NED,Netherlands,JPN,Japan,2,2,0.2654545454545454,0.7454545454545454,-0.3745454545454546,4,1,1,1,0,UEFA,AFC,0,0.2792607802874727,0.34615384615384626,42,2.4999999999999964,-0.011111111111111072,-0.3250000000000002,Draw,Testing
WC-2026,2026,M-2026-012,2026-06-14,SWE,Sweden,TUN,Tunisia,5,1,0.2058823529411765,0.7908496732026143,-0.013071895424836555,6,-1,0.5,0,0,UEFA,CAF,0,0.9124414257884474,-0.6923076923076923,84,-2.4230769230769234,-0.6000000000000001,-2.825,Home Win,Testing
WC-2026,2026,M-2026-013,2026-06-15,KSA,Saudi Arabia,URU,Uruguay,1,1,-0.21320249776984834,-0.7716324710080286,1.0276538804638717,-8,0,0,1,0,AFC,CONMEBOL,0,-0.22618859579845463,-1.3076923076923075,-316,-0.2307692307692335,0.03703703703703709,-0.05555555555555558,Draw,Testing
WC-2026,2026,M-2026-014,2026-06-15,ESP,Spain,CPV,Cabo Verde,0,0,0.4626865671641791,1.6119402985074627,1.1194029850746268,16,2,0.5,0,0,UEFA,CAF,0,-2.9289738324645924,1.3846153846153846,579,-3.0769230769230766,0.12222222222222212,2.3666666666666663,Draw,Testing
WC-2026,2026,M-2026-015,2026-06-15,IRN,IR Iran,NZL,New Zealand,2,2,0.16666666666666666,0.05555555555555558,-0.6111111111111112,4,1,0.5,0,0,AFC,OFC,0,2.065497814984468,1.923076923076923,210,13.26923076923077,-0.22916666666666663,-4.1625,Draw,Testing
WC-2026,2026,M-2026-016,2026-06-15,BEL,Belgium,EGY,Egypt,1,1,0.4117647058823529,0.638655462184874,-0.2633053221288515,11,1,0.5,0,0,UEFA,CAF,0,-1.4444268941188874,2.730769230769231,198,10.153846153846157,-0.1166666666666667,0.95,Draw,Testing
WC-2026,2026,M-2026-017,2026-06-16,FRA,France,SEN,Senegal,3,1,0.1175799086757991,0.5296803652968036,-0.25228310502283113,13,3,0,1,0,UEFA,CAF,0,-0.0862422997946588,1.2307692307692306,203,-7.923076923076923,0.0888888888888888,0.10000000000000009,Home Win,Testing
WC-2026,2026,M-2026-018,2026-06-16,IRQ,Iraq,NOR,Norway,1,4,-0.25,-0.5416666666666667,0.33333333333333326,-2,0,0.5,0,0,AFC,UEFA,0,0.11056705101879771,0,-307,1,-0.3015873015873016,-3.142857142857143,Away Win,Testing
WC-2026,2026,M-2026-019,2026-06-16,ARG,Argentina,ALG,Algeria,3,0,0.3033216783216783,0.7272727272727273,-0.31381118881118875,14,6,0.5,0,0,CONMEBOL,CAF,1,2.2608329384510064,4.6923076923076925,343,18.19230769230769,-0.12962962962962965,-0.43333333333333335,Home Win,Testing
WC-2026,2026,M-2026-020,2026-06-16,AUT,Austria,JOR,Jordan,3,1,0.41379310344827586,1.4827586206896552,1.6206896551724137,7,0,0.5,0,0,UEFA,AFC,0,0.14594850734481213,0,150,-2.3076923076923066,0.1875,1,Home Win,Testing
WC-2026,2026,M-2026-021,2026-06-17,GHA,Ghana,PAN,Panama,1,0,0.3333333333333333,0.5333333333333333,-2.133333333333333,3,1,0.5,0,0,CAF,CONCACAF,0,-3.451376823040068,0.34615384615384615,-220,-37.69230769230769,0.033333333333333326,0.30000000000000004,Home Win,Testing
WC-2026,2026,M-2026-022,2026-06-17,ENG,England,CRO,Croatia,4,2,-9.009009009008917e-4,-0.027927927927927865,-0.18108108108108112,10,-1,0,1,0,UEFA,UEFA,0,-1.055546780392774,-1.0384615384615383,112,-12.42307692307692,0.08333333333333337,0,Home Win,Testing
WC-2026,2026,M-2026-023,2026-06-17,POR,Portugal,COD,Congo DR,1,1,0.4857142857142857,1.7428571428571429,-3.4952380952380953,7,3,0.5,0,0,UEFA,CAF,0,-1.033433370189016,3.1153846153846154,337,13.999999999999996,-0.021367521367521403,1.3205128205128203,Draw,Testing
WC-2026,2026,M-2026-024,2026-06-17,UZB,Uzbekistan,COL,Colombia,1,3,-0.4090909090909091,-1.4545454545454546,-1.3636363636363635,-6,0,0.5,0,0,AFC,CONMEBOL,0,-1.8760596009055952,-1.7692307692307692,-268,-8,0.21064814814814814,0.4444444444444444,Away Win,Testing
WC-2026,2026,M-2026-025,2026-06-18,CZE,Czechia,RSA,South Africa,1,1,0.1111111111111111,-0.22222222222222232,-0.4444444444444444,-2,0,0.5,0,0,UEFA,CAF,0,0.8124045701047784,0,223,9.076923076923077,0,0.4,Draw,Testing
WC-2026,2026,M-2026-026,2026-06-18,SUI,Switzerland,BIH,Bosnia and Herzegovina,4,1,0.008130081300813052,0.008130081300813163,0.44715447154471555,11,2,0.5,0,0,UEFA,UEFA,0,1.8505765281946012,2.5769230769230766,296,20.57692307692308,0.1444444444444445,1,Home Win,Testing
WC-2026,2026,M-2026-027,2026-06-18,CAN,Canada,QAT,Qatar,6,0,0,0,-0.3333333333333335,1,0,0.5,0,1,CONCACAF,AFC,0,-2.5350392249776235,-0.1923076923076923,367,-18.153846153846153,-0.11111111111111116,-0.5,Home Win,Testing
WC-2026,2026,M-2026-028,2026-06-18,MEX,Mexico,KOR,Korea Republic,1,0,0.09912280701754386,0.007017543859649145,-0.36929824561403524,6,-1,1,2,1,CONCACAF,AFC,0,-0.16500816090138315,-0.23076923076923084,117,9.884615384615387,-0.29166666666666663,-2,Home Win,Testing
WC-2026,2026,M-2026-029,2026-06-19,BRA,Brazil,HAI,Haiti,3,0,0.6666666666666666,1.4122807017543861,-3.7192982456140355,21,3,0.5,0,0,CONMEBOL,CONCACAF,0,1.8548939082820013,2.5384615384615383,443,11.230769230769234,-0.14814814814814814,-0.31111111111111106,Home Win,Testing
WC-2026,2026,M-2026-030,2026-06-19,SCO,Scotland,MAR,Morocco,0,1,-0.043478260869565216,0.21739130434782605,0.6086956521739129,2,-4,0,1,0,UEFA,CAF,0,2.603485494655928,-1.6538461538461537,-45,10.576923076923073,-0.2777777777777778,-1.5,Away Win,Testing
WC-2026,2026,M-2026-031,2026-06-19,TUR,Türkiye,PAR,Paraguay,0,1,0.24074074074074076,0.8888888888888888,0.2925925925925925,-6,0,0.5,0,0,UEFA,CONMEBOL,0,-1.3303848786394994,0,77,10.769230769230766,0.27314814814814814,0.6527777777777778,Away Win,Testing
WC-2026,2026,M-2026-032,2026-06-19,USA,USA,AUS,Australia,2,0,0.043243243243243246,0.23108108108108116,-0.06621621621621632,5,0,0.5,0,1,CONCACAF,AFC,0,-0.4544832306639286,-0.34615384615384603,-51,8.76923076923077,-0.27083333333333337,-1.9375,Home Win,Testing
WC-2026,2026,M-2026-033,2026-06-20,GER,Germany,CIV,Côte d'Ivoire,2,1,0.2738095238095238,0.6269841269841272,-0.39484126984126977,17,1,0.5,0,0,UEFA,CAF,0,2.1977570683936207,1.7307692307692308,237,5.42307692307692,-0.033333333333333326,-0.3333333333333335,Home Win,Testing
WC-2026,2026,M-2026-034,2026-06-20,ECU,Ecuador,CUW,Curaçao,0,0,0.38461538461538464,1.0769230769230769,1.0769230769230769,4,1,0.5,0,0,CONMEBOL,CONCACAF,0,-1.9433475490970373,1.2692307692307692,504,5.884615384615383,-0.20740740740740748,-1.7999999999999998,Draw,Testing
WC-2026,2026,M-2026-035,2026-06-20,NED,Netherlands,SWE,Sweden,5,1,0.17290552584670227,0.17682709447415323,-0.48591800356506243,-1,3,0,1,0,UEFA,UEFA,0,0.2173432317169457,1.9230769230769234,236,13.153846153846153,0.5,3.5,Home Win,Testing
WC-2026,2026,M-2026-036,2026-06-20,TUN,Tunisia,JPN,Japan,0,4,-0.11333333333333337,-0.2222222222222222,0.12444444444444436,-1,-1,0,1,0,CAF,AFC,0,-0.8505238772179204,-0.8846153846153847,-278,-8.230769230769234,0.0888888888888889,-1,Away Win,Testing
WC-2026,2026,M-2026-037,2026-06-21,URU,Uruguay,CPV,Cabo Verde,2,2,0.423728813559322,1.5084745762711864,1.2881355932203389,14,1,0.5,0,0,CONMEBOL,CAF,0,-0.9341336281788024,2.423076923076923,314,4.2307692307692335,-0.24814814814814823,-0.24444444444444446,Draw,Testing
WC-2026,2026,M-2026-038,2026-06-21,ESP,Spain,KSA,Saudi Arabia,4,0,0.25216025137470544,0.8750981932443048,-1.1963864886095839,10,1,1,1,0,UEFA,AFC,0,-1.7686516084873354,0.26923076923076916,581,-7.076923076923077,0.33333333333333326,2.6666666666666665,Home Win,Testing
WC-2026,2026,M-2026-039,2026-06-21,BEL,Belgium,IRN,IR Iran,0,0,0.24509803921568626,0.6307189542483661,-0.2712418300653596,8,0,0.5,0,0,UEFA,AFC,0,-2.7180540199020697,0.8461538461538463,122,-3.2692307692307665,-0.02083333333333337,1.3125,Draw,Testing
WC-2026,2026,M-2026-040,2026-06-21,NZL,New Zealand,EGY,Egypt,1,3,0,-0.04761904761904767,0.6190476190476193,-1,0,0.5,0,0,OFC,CAF,0,-0.7918706892012857,-0.038461538461538436,-134,0.1538461538461533,0.1333333333333333,3.8,Away Win,Testing
WC-2026,2026,M-2026-041,2026-06-22,NOR,Norway,SEN,Senegal,3,2,-0.16666666666666669,-0.45833333333333326,-0.41666666666666674,0,-2,0.5,0,0,UEFA,CAF,0,-0.2830516506081189,-1.9230769230769231,54,-8,0.19999999999999996,2.1,Home Win,Testing
WC-2026,2026,M-2026-042,2026-06-22,FRA,France,IRQ,Iraq,3,0,0.5342465753424658,1.5296803652968036,-0.16894977168949765,15,5,0.5,0,0,UEFA,AFC,0,0.08624229979466236,3.1538461538461537,456,-0.9230769230769234,0.19047619047619047,1.1428571428571428,Home Win,Testing
WC-2026,2026,M-2026-043,2026-06-22,ARG,Argentina,AUT,Austria,2,0,0.1202978056426332,0.24451410658307204,-0.472962382445141,11,6,0.5,0,0,CONMEBOL,UEFA,1,0.5067129995261404,4.961538461538462,285,9.538461538461533,-0.08796296296296291,-1.0833333333333333,Home Win,Testing
WC-2026,2026,M-2026-044,2026-06-22,JOR,Jordan,ALG,Algeria,1,2,-0.23076923076923078,-1,-1.4615384615384615,-4,0,0.5,0,0,AFC,CAF,0,1.608171431580054,-0.2692307692307692,-92,10.961538461538463,-0.22916666666666674,-0.3500000000000001,Away Win,Testing
WC-2026,2026,M-2026-045,2026-06-23,ENG,England,GHA,Ghana,0,0,0.09909909909909914,0.20540540540540553,-0.6144144144144145,12,2,0.5,0,0,UEFA,CAF,0,0.2980045279839949,1.7307692307692308,514,10.615384615384617,0.16666666666666663,1.05,Draw,Testing
WC-2026,2026,M-2026-046,2026-06-23,PAN,Panama,CRO,Croatia,0,1,-0.43333333333333335,-0.7666666666666667,2.5666666666666664,-5,-4,0.5,0,0,CONCACAF,UEFA,0,2.097825514663299,-3.1153846153846154,-182,14.653846153846153,-0.11666666666666659,-1.35,Away Win,Testing
WC-2026,2026,M-2026-047,2026-06-23,POR,Portugal,UZB,Uzbekistan,5,0,0.4857142857142857,1.7428571428571429,1.1714285714285715,8,3,0.5,0,0,UEFA,AFC,0,-0.17796030116358708,3.1153846153846154,275,12.538461538461533,-0.00694444444444442,1.1666666666666665,Home Win,Testing
WC-2026,2026,M-2026-048,2026-06-23,COL,Colombia,COD,Congo DR,1,0,0.4090909090909091,1.4545454545454546,-3.3030303030303036,5,0,0.5,0,0,CONMEBOL,CAF,0,1.0205865318801663,1.7692307692307692,330,9.461538461538463,-0.22507122507122512,-0.29059829059829057,Home Win,Testing
WC-2026,2026,M-2026-049,2026-06-24,SCO,Scotland,BRA,Brazil,0,3,-0.49275362318840576,-0.9919908466819223,0.8352402745995423,-14,-3,0,4,0,UEFA,CONMEBOL,0,-0.16058547886063224,-2.5384615384615383,-209,2.1923076923076863,0.20370370370370372,0.6111111111111112,Away Win,Testing
WC-2026,2026,M-2026-050,2026-06-24,MAR,Morocco,HAI,Haiti,4,2,0.21739130434782608,0.2028985507246377,-3.492753623188406,5,4,0.5,0,0,CAF,CONCACAF,0,-0.9091770652345588,1.6538461538461537,279,2.8461538461538467,0.33333333333333337,1.8,Home Win,Testing
WC-2026,2026,M-2026-051,2026-06-24,SUI,Switzerland,CAN,Canada,2,1,0.34146341463414637,1.0081300813008132,-0.2195121951219512,10,1,0.5,0,-1,UEFA,CONCACAF,0,1.3343863528668471,1.7307692307692306,103,6.884615384615387,0.2777777777777778,2,Home Win,Testing
WC-2026,2026,M-2026-052,2026-06-24,BIH,Bosnia and Herzegovina,QAT,Qatar,3,1,0.3333333333333333,1,-1.0000000000000002,0,-1,0.5,0,0,UEFA,AFC,0,-3.0512294003053775,-1.0384615384615385,174,-31.846153846153847,0.022222222222222143,0.5,Home Win,Testing
WC-2026,2026,M-2026-053,2026-06-24,CZE,Czechia,MEX,Mexico,0,3,0.04999999999999999,-0.03333333333333344,-0.3500000000000001,-16,-1,0.5,0,-1,UEFA,CONCACAF,0,-0.279892592007581,-1.6538461538461537,-135,-18.923076923076927,0.09999999999999998,1,Away Win,Testing
WC-2026,2026,M-2026-054,2026-06-24,RSA,South Africa,KOR,Korea Republic,1,0,0.038011695906432746,0.19590643274853803,-0.2748538011695909,-8,-2,0.5,0,0,CAF,AFC,0,-1.2573053230137425,-1.8846153846153846,-241,-18.115384615384617,-0.19166666666666665,-1.4,Home Win,Testing
WC-2026,2026,M-2026-055,2026-06-25,CUW,Curaçao,CIV,Côte d'Ivoire,0,2,-0.3333333333333333,-1.4444444444444444,-1.5555555555555556,-3,0,0.5,0,0,CONCACAF,CAF,0,2.171958089822567,0,-261,-3.26923076923077,-0.06666666666666665,-0.20000000000000018,Away Win,Testing
WC-2026,2026,M-2026-056,2026-06-25,ECU,Ecuador,GER,Germany,2,1,-0.22252747252747246,-0.9945054945054947,-0.08379120879120894,-16,0,0,1,0,CONMEBOL,UEFA,0,-1.9691465276680908,-0.4615384615384617,6,-2.8076923076923066,-0.2407407407407408,-1.6666666666666665,Home Win,Testing
WC-2026,2026,M-2026-057,2026-06-25,JPN,Japan,SWE,Sweden,1,1,-0.09254901960784312,-0.5686274509803921,-0.1113725490196078,-5,2,0.5,0,0,AFC,UEFA,0,-0.061917548570527,1.576923076923077,194,10.653846153846157,0.5111111111111111,3.825,Draw,Testing
WC-2026,2026,M-2026-058,2026-06-25,TUN,Tunisia,NED,Netherlands,1,3,-0.3787878787878788,-0.9676767676767676,0.498989898989899,-5,-2,0.5,0,0,CAF,UEFA,0,-1.1297846575053931,-1.2307692307692308,-320,-10.73076923076923,0.09999999999999998,-0.6749999999999998,Away Win,Testing
WC-2026,2026,M-2026-059,2026-06-25,TUR,Türkiye,USA,USA,3,2,0.25675675675675674,0.9189189189189189,-0.08378378378378382,-9,-2,0.5,0,-1,UEFA,CONCACAF,0,0.767230032117098,-1.6153846153846154,185,0.3076923076923066,0.29166666666666663,0.875,Home Win,Testing
WC-2026,2026,M-2026-060,2026-06-25,PAR,Paraguay,AUS,Australia,0,0,0.059259259259259234,0.2611111111111112,-0.44259259259259265,2,-2,0.5,0,0,CONMEBOL,AFC,0,1.6431316800926687,-1.9615384615384615,57,-1.6923076923076898,-0.2523148148148149,-1.7152777777777777,Draw,Testing
WC-2026,2026,M-2026-061,2026-06-26,NOR,Norway,FRA,France,1,4,-0.2842465753424658,-0.9880136986301369,-0.1643835616438356,-13,-5,0.5,0,0,UEFA,UEFA,0,-0.19680935081346007,-3.1538461538461537,-149,-0.07692307692307665,0.11111111111111116,2,Away Win,Testing
WC-2026,2026,M-2026-062,2026-06-26,SEN,Senegal,IRQ,Iraq,5,0,0.4166666666666667,1,0.08333333333333348,2,2,0.5,0,0,CAF,AFC,0,0.17248459958932116,1.9230769230769231,253,7,0.10158730158730167,1.0428571428571427,Home Win,Testing
WC-2026,2026,M-2026-063,2026-06-26,EGY,Egypt,IRN,IR Iran,1,1,-0.16666666666666666,-0.007936507936507908,-0.00793650793650813,-3,-1,0.5,0,0,CAF,AFC,0,-1.2736271257831824,-1.8846153846153846,-76,-13.423076923076923,0.09583333333333333,0.36250000000000004,Draw,Testing
WC-2026,2026,M-2026-064,2026-06-26,NZL,New Zealand,BEL,Belgium,1,5,-0.4117647058823529,-0.6862745098039217,0.8823529411764708,-12,-1,0.5,0,0,OFC,UEFA,0,0.6525562049176017,-2.769230769230769,-332,-10.000000000000004,0.25,2.8499999999999996,Away Win,Testing
WC-2026,2026,M-2026-065,2026-06-26,CPV,Cabo Verde,KSA,Saudi Arabia,0,0,-0.21052631578947367,-0.7368421052631579,-2.3157894736842106,-6,-1,0.5,0,0,CAF,AFC,0,1.160322223977257,-1.1153846153846154,2,-4,0.21111111111111114,0.30000000000000004,Draw,Testing
WC-2026,2026,M-2026-066,2026-06-26,URU,Uruguay,ESP,Spain,0,1,-0.03895775360485709,-0.10346572223627626,0.16873260814571212,-2,-1,0,2,0,CONMEBOL,UEFA,0,1.99484020428579,1.0384615384615383,-265,7.30769230769231,-0.37037037037037035,-2.6111111111111107,Away Win,Testing
WC-2026,2026,M-2026-067,2026-06-27,PAN,Panama,ENG,England,0,2,-0.43243243243243246,-0.7387387387387389,2.7477477477477477,-15,-3,0,1,0,CONCACAF,UEFA,0,3.153372295056073,-2.076923076923077,-294,27.076923076923073,-0.19999999999999996,-1.35,Away Win,Testing
WC-2026,2026,M-2026-068,2026-06-27,CRO,Croatia,GHA,Ghana,2,1,0.10000000000000003,0.2333333333333334,-0.43333333333333335,2,3,0.5,0,0,UEFA,CAF,0,1.353551308376769,2.769230769230769,402,23.038461538461537,0.08333333333333326,1.05,Home Win,Testing
WC-2026,2026,M-2026-069,2026-06-27,ALG,Algeria,AUT,Austria,3,3,-0.18302387267904507,-0.48275862068965525,-0.15915119363395225,-3,0,0,1,0,CAF,UEFA,0,-1.754119938924866,0.2692307692307692,-58,-8.653846153846157,0.04166666666666674,-0.6499999999999999,Draw,Testing
WC-2026,2026,M-2026-070,2026-06-27,JOR,Jordan,ARG,Argentina,1,3,-0.5340909090909091,-1.7272727272727273,-1.1477272727272727,-18,-6,0.5,0,0,AFC,CONMEBOL,-1,-0.6526615068709525,-4.961538461538462,-435,-7.230769230769226,-0.09953703703703709,0.08333333333333326,Away Win,Testing
WC-2026,2026,M-2026-071,2026-06-27,COL,Colombia,POR,Portugal,0,0,-0.0766233766233766,-0.2883116883116883,0.19220779220779205,-2,-3,0.5,0,0,CONMEBOL,UEFA,0,2.0540199020691823,-1.3461538461538463,-7,-4.538461538461533,-0.20370370370370372,-1.611111111111111,Draw,Testing
WC-2026,2026,M-2026-072,2026-06-27,COD,Congo DR,UZB,Uzbekistan,3,1,0,0,4.666666666666667,1,0,0.5,0,0,CAF,AFC,0,0.8554730690254289,0,-62,-1.4615384615384635,0.014423076923076983,-0.15384615384615385,Home Win,Testing
WC-2026,2026,M-2026-073,2026-06-28,RSA,South Africa,CAN,Canada,0,1,0.2222222222222222,0.8888888888888891,-0.22222222222222232,1,-1,0.5,0,-1,CAF,CONCACAF,0,-0.16427104722792762,-1.0384615384615385,-271,-17.923076923076923,0.09999999999999998,0.6,Away Win,Testing
WC-2026,2026,M-2026-074,2026-06-29,GER,Germany,PAR,Paraguay,1,1,0.34788359788359785,0.9603174603174605,-0.24669312169312163,12,1,1,1,0,UEFA,CONMEBOL,0,-0.9558258305691574,1.7307692307692308,98,5.92307692307692,0.3148148148148149,1.9444444444444442,Draw,Testing
WC-2026,2026,M-2026-075,2026-06-29,NED,Netherlands,MAR,Morocco,1,1,0.32806324110671936,0.875889328063241,-0.22845849802371554,5,-1,1,1,0,UEFA,CAF,0,1.175485705259831,0.42307692307692335,121,6.2692307692307665,-0.16666666666666663,0.375,Draw,Testing
WC-2026,2026,M-2026-076,2026-06-29,BRA,Brazil,JPN,Japan,2,1,0.3866666666666666,1.0789473684210527,-0.37263157894736854,15,1,1,1,0,CONMEBOL,AFC,0,1.8678460485442017,0.8076923076923075,85,4.615384615384617,-0.32592592592592595,-2.8111111111111113,Home Win,Testing
WC-2026,2026,M-2026-077,2026-06-30,FRA,France,SWE,Sweden,3,0,0.16169755573462263,0.29438624764974475,-0.26698898737577226,4,5,0.5,0,0,UEFA,UEFA,0,-0.5560996156478701,3,351,10.923076923076923,0.5555555555555556,2.625,Home Win,Testing
WC-2026,2026,M-2026-078,2026-06-30,CIV,Côte d'Ivoire,NOR,Norway,1,2,0.08333333333333331,0.5694444444444444,0.5555555555555556,0,0,0.5,0,0,CAF,UEFA,0,-0.9551940188490491,0,-219,-3.7692307692307665,-0.1333333333333333,-1.5,Away Win,Testing
WC-2026,2026,M-2026-079,2026-06-30,MEX,Mexico,ECU,Ecuador,2,0,-0.10128205128205131,-0.043589743589743435,0.6064102564102565,13,0,1,1,1,CONCACAF,CONMEBOL,0,1.823092718369928,0.3846153846153846,-63,17.07692307692308,-0.09259259259259256,-0.5,Home Win,Testing
WC-2026,2026,M-2026-080,2026-07-01,ENG,England,COD,Congo DR,2,1,0.43243243243243246,1.4054054054054055,-3.747747747747748,15,3,0.5,0,0,UEFA,CAF,0,-1.7955036065919003,2.730769230769231,372,1.5769230769230766,0.2564102564102564,1.9038461538461537,Home Win,Testing
WC-2026,2026,M-2026-081,2026-07-01,USA,USA,BIH,Bosnia and Herzegovina,2,0,-0.09009009009009006,-0.2522522522522521,0.4504504504504505,10,2,0.5,0,1,CONCACAF,UEFA,0,0.44848101932290874,1.4230769230769231,131,14.03846153846154,-0.1333333333333333,-1,Home Win,Testing
WC-2026,2026,M-2026-082,2026-07-01,BEL,Belgium,SEN,Senegal,3,2,-0.004901960784313764,0.019607843137255054,0.034313725490195957,11,-1,0.5,0,0,UEFA,CAF,0,0.5272468804296331,1.0769230769230769,34,2.923076923076927,-0.050000000000000044,0.8500000000000001,Home Win,Testing
WC-2026,2026,M-2026-083,2026-07-02,POR,Portugal,CRO,Croatia,2,1,0.05238095238095236,0.30952380952380953,0.0714285714285714,2,-1,0.5,0,0,UEFA,UEFA,0,-0.29347654398988965,-0.6538461538461537,77,0,-0.19444444444444442,-0.5833333333333335,Home Win,Testing
WC-2026,2026,M-2026-084,2026-07-02,ESP,Spain,AUT,Austria,3,0,0.04889346371590325,0.12918167781780743,-0.5012866700977869,9,2,0,1,0,UEFA,UEFA,0,-1.8640551782235555,1.3846153846153846,327,-10.000000000000004,0.09722222222222221,0.9166666666666665,Home Win,Testing
WC-2026,2026,M-2026-085,2026-07-02,SUI,Switzerland,ALG,Algeria,2,0,0.11069418386491559,0.3414634146341464,0.31894934333958735,8,2,0.5,0,0,UEFA,CAF,0,1.4496919917864481,2.5,119,13.615384615384617,-0.05555555555555558,0.3999999999999999,Home Win,Testing
WC-2026,2026,M-2026-086,2026-07-03,ARG,Argentina,CPV,Cabo Verde,3,2,0.5340909090909091,1.7272727272727273,1.1477272727272727,18,6,0.5,0,0,CONMEBOL,CAF,1,-0.5582056547148966,4.961538461538462,537,16.46153846153846,-0.062962962962963,0.3666666666666667,Home Win,Testing
WC-2026,2026,M-2026-087,2026-07-03,COL,Colombia,GHA,Ghana,1,0,0.0757575757575758,0.25454545454545463,-0.1696969696969699,2,-1,0.5,0,0,CONMEBOL,CAF,0,3.1140946664560616,0.7692307692307692,472,18.500000000000004,-0.3148148148148149,-1.1444444444444444,Home Win,Testing
WC-2026,2026,M-2026-088,2026-07-03,AUS,Australia,EGY,Egypt,1,1,0.2,0.13571428571428568,0.1357142857142859,3,2,0.5,0,0,AFC,CAF,0,-1.699468225135579,1.6923076923076923,81,-3.3461538461538467,-0.09583333333333333,0.13749999999999996,Draw,Testing
WC-2026,2026,M-2026-089,2026-07-04,PAR,Paraguay,FRA,France,0,1,-0.27498731608320653,-0.7519025875190257,0.24302384576357183,-8,-5,0,2,0,CONMEBOL,UEFA,0,2.001579529300269,-3.1538461538461537,-229,-4.346153846153843,-0.37037037037037035,-1.7777777777777777,Away Win,Testing
WC-2026,2026,M-2026-090,2026-07-04,CAN,Canada,MAR,Morocco,0,3,-0.21739130434782608,-0.536231884057971,0.826086956521739,-4,-3,0,1,1,CONCACAF,CAF,0,0.37371663244353215,-0.6153846153846152,-39,9.807692307692307,-0.5,-2.5,Away Win,Testing
WC-2026,2026,M-2026-091,2026-07-05,BRA,Brazil,NOR,Norway,1,2,0.41666666666666663,1.2039473684210527,-0.052631578947368474,19,3,0,1,0,CONMEBOL,UEFA,0,2.558837466435005,2.5384615384615383,77,4.423076923076927,-0.4814814814814815,-3.611111111111111,Away Win,Testing
WC-2026,2026,M-2026-092,2026-07-05,MEX,Mexico,ENG,England,2,3,-0.14909909909909913,-0.37207207207207205,0.7644144144144144,1,-2,0,1,1,CONCACAF,UEFA,0,0.6274943400200073,-1.076923076923077,-149,14.53846153846154,-0.5,-2.75,Away Win,Testing
WC-2026,2026,M-2026-093,2026-07-06,POR,Portugal,ESP,Spain,0,1,0.023027718550106602,0.1309168443496802,0.05202558635394472,-8,1,0,2,0,UEFA,UEFA,0,1.2878428894855993,1.7307692307692308,-168,16.038461538461537,-0.16666666666666663,-1,Away Win,Testing
WC-2026,2026,M-2026-094,2026-07-06,USA,USA,BEL,Belgium,1,4,-0.16852146263910966,-0.2718600953895072,0.3328033916269211,-3,1,0.5,2,1,CONCACAF,UEFA,0,-0.7095245616806203,-1.3846153846153846,-168,-4.7307692307692335,-0.25,-2.75,Away Win,Testing
WC-2026,2026,M-2026-095,2026-07-07,ARG,Argentina,EGY,Egypt,3,2,0.5340909090909091,1.012987012987013,-0.5665584415584415,15,6,0.5,0,0,CONMEBOL,CAF,1,0.05928499973674306,4.6923076923076925,419,16.538461538461537,-0.16296296296296298,-0.6333333333333333,Home Win,Testing
WC-2026,2026,M-2026-096,2026-07-07,SUI,Switzerland,COL,Colombia,0,0,-0.06762749445676275,-0.11308203991130816,0.41685144124168527,6,2,0,1,0,UEFA,CONMEBOL,0,-1.782235560469644,1,-91,3.46153846153846,0.2592592592592593,1.4444444444444444,Draw,Testing
WC-2026,2026,M-2026-097,2026-07-09,FRA,France,MAR,Morocco,2,0,0.3168552709946397,0.9934484812388326,-0.009529481834425368,10,1,1,1,0,UEFA,CAF,0,0.40204285789501526,1.5,236,4.0384615384615365,-0.11111111111111116,-0.5,Home Win,Testing
WC-2026,2026,M-2026-098,2026-07-10,ESP,Spain,BEL,Belgium,2,1,0.050921861281826186,0.25899912203687436,-0.33157740708223593,2,1,0.5,2,0,UEFA,UEFA,0,-0.8670562838940654,-1.6153846153846154,263,-13.153846153846157,0.13888888888888884,0.4166666666666665,Home Win,Testing
WC-2026,2026,M-2026-099,2026-07-11,NOR,Norway,ENG,England,1,2,-0.18243243243243246,-0.5304054054054055,0.08108108108108103,-13,-3,0.5,0,0,UEFA,UEFA,0,-0.46901490022640147,-2.730769230769231,-110,-1.3846153846153868,0,1.25,Away Win,Testing
WC-2026,2026,M-2026-100,2026-07-11,ARG,Argentina,SUI,Switzerland,3,1,0.1926274944567627,0.38580931263858087,-0.6327605321507761,6,4,1,2,0,CONMEBOL,UEFA,1,0.8111409466645583,2.1923076923076925,224,4.576923076923073,-0.07407407407407407,-0.8333333333333333,Home Win,Testing
WC-2026,2026,M-2026-101,2026-07-14,FRA,France,ESP,Spain,0,2,0.07156000817828667,0.2510734001226742,0.04498057656920884,0,3,1,1,0,UEFA,UEFA,0,0.25356710366977353,1.7692307692307692,-94,2.3076923076923066,0,-1.1666666666666665,Away Win,Testing
WC-2026,2026,M-2026-102,2026-07-15,ENG,England,ARG,Argentina,1,2,-0.1016584766584766,-0.3218673218673218,-0.22880835380835374,-2,-3,0.6,5,0,UEFA,CONMEBOL,-1,-1.844995524666981,-2.230769230769231,-91,-15.92307692307692,0.2962962962962963,1.5833333333333333,Away Win,Testing
WC-2026,2026,M-2026-103,2026-07-18,FRA,France,ENG,England,4,6,0.10181414291003332,0.4576082932247314,0.24546464272491664,0,2,0.3333333333333333,3,0,UEFA,UEFA,0,-0.2722055494129414,0.4230769230769229,39,-1.3076923076923102,-0.11111111111111116,-0.75,Away Win,Testing
WC-2026,2026,M-2026-104,2026-07-19,ESP,Spain,ARG,Argentina,1,0,-0.07140434192672995,-0.11533242876526462,-0.02832428765264594,-2,-4,0,1,0,UEFA,CONMEBOL,-1,-2.370768177749696,-3.576923076923077,42,-19.538461538461537,0.18518518518518512,1.9999999999999998,Home Win,Testing
